season,round,race_name,race_date,circuit_id,circuit_name,driver_id,driver_code,driver_name,team_id,team_name,number,driver_previous_finish,driver_avg_finish_last_3,driver_avg_finish_last_5,driver_previous_points,driver_avg_points_last_5,team_avg_finish_last_5,team_avg_points_last_5,driver_circuit_avg_finish,driver_circuit_races,fp1_position,fp2_position,fp3_position,practice_avg_position,practice_best_position,practice_sessions_available,practice_available,qualifying_position,q1,q2,q3,qualifying_available,finish_position,stage_name,stage_available,predicted_finish
2026,1,Australian Grand Prix,2026-03-08,albert_park,Albert Park Grand Prix Circuit,albon,ALB,Alexander Albon,williams,Williams,23,16.0,14.333333333333334,13.2,0.0,0.0,9.6,5.0,11.8,5.0,,,,,,,,,,,,,12.0,pre_practice,1,10.933513695116151
2026,1,Australian Grand Prix,2026-03-08,albert_park,Albert Park Grand Prix Circuit,antonelli,ANT,Andrea Kimi Antonelli,mercedes,Mercedes,12,15.0,7.666666666666667,6.2,0.0,10.2,6.6,9.2,4.0,1.0,,,,,,,,,,,,,2.0,pre_practice,1,6.68170194830003
2026,1,Australian Grand Prix,2026-03-08,albert_park,Albert Park Grand Prix Circuit,arvid_lindblad,LIN,Arvid Lindblad,rb,RB F1 Team,41,,,,,,15.2,0.4,,0.0,,,,,,,,,,,,,8.0,pre_practice,1,13.086385146766355
2026,1,Australian Grand Prix,2026-03-08,albert_park,Albert Park Grand Prix Circuit,sainz,SAI,Carlos Sainz,williams,Williams,55,13.0,7.0,10.2,0.0,5.0,11.0,3.0,11.88888888888889,9.0,,,,,,,,,,,,,15.0,pre_practice,1,10.275025303487256
2026,1,Australian Grand Prix,2026-03-08,albert_park,Albert Park Grand Prix Circuit,leclerc,LEC,Charles Leclerc,ferrari,Ferrari,16,4.0,5.333333333333333,7.4,12.0,9.2,7.2,6.4,8.166666666666666,6.0,,,,,,,,,,,,,3.0,pre_practice,1,7.025458820910088
2026,1,Australian Grand Prix,2026-03-08,albert_park,Albert Park Grand Prix Circuit,ocon,OCO,Esteban Ocon,haas,Haas F1 Team,31,7.0,10.333333333333334,10.4,6.0,2.0,12.0,2.4,12.0,6.0,,,,,,,,,,,,,11.0,pre_practice,1,12.464701729799739
2026,1,Australian Grand Prix,2026-03-08,albert_park,Albert Park Grand Prix Circuit,alonso,ALO,Fernando Alonso,aston_martin,Aston Martin,14,6.0,8.0,11.2,8.0,2.8,11.6,3.0,11.125,8.0,,,,,,,,,,,,,18.0,pre_practice,1,11.91013459324604
2026,1,Australian Grand Prix,2026-03-08,albert_park,Albert Park Grand Prix Circuit,colapinto,COL,Franco Colapinto,alpine,Alpine F1 Team,43,20.0,16.333333333333332,16.0,0.0,0.0,16.4,0.0,,0.0,,,,,,,,,,,,,14.0,pre_practice,1,15.745041517580884
2026,1,Australian Grand Prix,2026-03-08,albert_park,Albert Park Grand Prix Circuit,bortoleto,BOR,Gabriel Bortoleto,audi,Audi,5,11.0,13.666666666666666,14.2,0.0,0.2,,,16.0,1.0,,,,,,,,,,,,,9.0,pre_practice,1,13.515910865681967
2026,1,Australian Grand Prix,2026-03-08,albert_park,Albert Park Grand Prix Circuit,russell,RUS,George Russell,mercedes,Mercedes,63,5.0,4.333333333333333,4.8,10.0,10.8,6.6,9.2,11.4,5.0,,,,,,,,,,,,,1.0,pre_practice,1,5.135614616066234
2026,1,Australian Grand Prix,2026-03-08,albert_park,Albert Park Grand Prix Circuit,hadjar,HAD,Isack Hadjar,red_bull,Red Bull,6,17.0,13.666666666666666,12.4,0.0,2.4,7.6,10.2,20.0,1.0,,,,,,,,,,,,,20.0,pre_practice,1,10.19015550581772
2026,1,Australian Grand Prix,2026-03-08,albert_park,Albert Park Grand Prix Circuit,stroll,STR,Lance Stroll,aston_martin,Aston Martin,18,10.0,15.0,15.0,1.0,0.2,11.6,3.0,9.571428571428571,7.0,,,,,,,,,,,,,17.0,pre_practice,1,12.459210686539674
2026,1,Australian Grand Prix,2026-03-08,albert_park,Albert Park Grand Prix Circuit,norris,NOR,Lando Norris,mclaren,McLaren,1,3.0,8.666666666666666,5.6,15.0,15.4,6.2,12.6,5.4,5.0,,,,,,,,,,,,,5.0,pre_practice,1,3.1798213006293277
2026,1,Australian Grand Prix,2026-03-08,albert_park,Albert Park Grand Prix Circuit,hamilton,HAM,Lewis Hamilton,ferrari,Ferrari,44,8.0,9.333333333333334,10.8,4.0,2.4,7.2,6.4,6.2,10.0,,,,,,,,,,,,,4.0,pre_practice,1,8.805082781615887
2026,1,Australian Grand Prix,2026-03-08,albert_park,Albert Park Grand Prix Circuit,lawson,LAW,Liam Lawson,rb,RB F1 Team,30,18.0,13.666666666666666,13.6,0.0,1.6,14.0,1.2,15.0,1.0,,,,,,,,,,,,,13.0,pre_practice,1,12.853818116600424
2026,1,Australian Grand Prix,2026-03-08,albert_park,Albert Park Grand Prix Circuit,max_verstappen,VER,Max Verstappen,red_bull,Red Bull,3,1.0,1.0,1.8,25.0,21.0,9.2,10.2,8.555555555555555,9.0,,,,,,,,,,,,,6.0,pre_practice,1,3.89173179522376
2026,1,Australian Grand Prix,2026-03-08,albert_park,Albert Park Grand Prix Circuit,hulkenberg,HUL,Nico Hülkenberg,audi,Audi,27,9.0,12.0,12.8,2.0,2.0,9.0,2.0,7.555555555555555,9.0,,,,,,,,,,,,,22.0,pre_practice,1,10.852033676575125
2026,1,Australian Grand Prix,2026-03-08,albert_park,Albert Park Grand Prix Circuit,bearman,BEA,Oliver Bearman,haas,Haas F1 Team,87,12.0,13.666666666666666,10.2,0.0,4.2,12.4,1.6,14.0,1.0,,,,,,,,,,,,,7.0,pre_practice,1,11.933557213058746
2026,1,Australian Grand Prix,2026-03-08,albert_park,Albert Park Grand Prix Circuit,piastri,PIA,Oscar Piastri,mclaren,McLaren,81,2.0,8.0,6.8,18.0,11.2,3.2,14.6,7.0,3.0,,,,,,,,,,,,,21.0,pre_practice,1,5.09986366668628
2026,1,Australian Grand Prix,2026-03-08,albert_park,Albert Park Grand Prix Circuit,gasly,GAS,Pierre Gasly,alpine,Alpine F1 Team,10,19.0,16.0,14.6,0.0,0.2,16.6,0.0,12.5,6.0,,,,,,,,,,,,,10.0,pre_practice,1,15.180678596055781
2026,1,Australian Grand Prix,2026-03-08,albert_park,Albert Park Grand Prix Circuit,perez,PER,Sergio Pérez,cadillac,Cadillac F1 Team,11,20.0,15.666666666666666,15.0,0.0,0.2,19.0,0.0,8.444444444444445,9.0,,,,,,,,,,,,,16.0,pre_practice,1,12.700108695782301
2026,1,Australian Grand Prix,2026-03-08,albert_park,Albert Park Grand Prix Circuit,bottas,BOT,Valtteri Bottas,cadillac,Cadillac F1 Team,77,18.0,15.666666666666666,14.8,0.0,0.0,,,8.444444444444445,9.0,,,,,,,,,,,,,19.0,pre_practice,1,12.717914794334098
2026,2,Chinese Grand Prix,2026-03-15,shanghai,Shanghai International Circuit,albon,ALB,Alexander Albon,williams,Williams,23,12.0,13.0,13.2,0.0,0.0,11.8,3.0,9.666666666666666,3.0,,,,,,,,,,,,,22.0,pre_practice,1,12.750079686309721
2026,2,Chinese Grand Prix,2026-03-15,shanghai,Shanghai International Circuit,antonelli,ANT,Andrea Kimi Antonelli,mercedes,Mercedes,12,2.0,7.333333333333333,5.4,18.0,12.2,5.8,12.2,6.0,1.0,,,,,,,,,,,,,1.0,pre_practice,1,6.175783470379328
2026,2,Chinese Grand Prix,2026-03-15,shanghai,Shanghai International Circuit,arvid_lindblad,LIN,Arvid Lindblad,rb,RB F1 Team,41,8.0,8.0,8.0,4.0,4.0,13.0,1.2,,0.0,,,,,,,,,,,,,12.0,pre_practice,1,11.502479737656133
2026,2,Chinese Grand Prix,2026-03-15,shanghai,Shanghai International Circuit,sainz,SAI,Carlos Sainz,williams,Williams,55,15.0,10.333333333333334,9.8,0.0,5.0,15.6,0.0,9.571428571428571,7.0,,,,,,,,,,,,,9.0,pre_practice,1,11.020327706375484
2026,2,Chinese Grand Prix,2026-03-15,shanghai,Shanghai International Circuit,leclerc,LEC,Charles Leclerc,ferrari,Ferrari,16,3.0,5.0,7.6,15.0,8.6,4.4,11.6,11.5,4.0,,,,,,,,,,,,,4.0,pre_practice,1,6.3802134670951025
2026,2,Chinese Grand Prix,2026-03-15,shanghai,Shanghai International Circuit,ocon,OCO,Esteban Ocon,haas,Haas F1 Team,31,11.0,11.0,10.8,0.0,1.6,8.4,4.4,9.25,4.0,,,,,,,,,,,,,14.0,pre_practice,1,11.668681431179074
2026,2,Chinese Grand Prix,2026-03-15,shanghai,Shanghai International Circuit,alonso,ALO,Fernando Alonso,aston_martin,Aston Martin,14,18.0,10.333333333333334,11.2,0.0,2.8,13.6,1.8,10.571428571428571,7.0,,,,,,,,,,,,,17.0,pre_practice,1,12.226341016342525
2026,2,Chinese Grand Prix,2026-03-15,shanghai,Shanghai International Circuit,colapinto,COL,Franco Colapinto,alpine,Alpine F1 Team,43,14.0,16.0,15.6,0.0,0.0,15.8,0.2,,0.0,,,,,,,,,,,,,10.0,pre_practice,1,15.560089875058296
2026,2,Chinese Grand Prix,2026-03-15,shanghai,Shanghai International Circuit,bortoleto,BOR,Gabriel Bortoleto,audi,Audi,5,9.0,11.0,14.0,2.0,0.4,15.5,1.0,14.0,1.0,,,,,,,,,,,,,21.0,pre_practice,1,14.054380180020804
2026,2,Chinese Grand Prix,2026-03-15,shanghai,Shanghai International Circuit,russell,RUS,George Russell,mercedes,Mercedes,63,1.0,4.0,3.6,25.0,14.6,4.8,15.6,8.333333333333334,3.0,,,,,,,,,,,,,2.0,pre_practice,1,3.8146714537984474
2026,2,Chinese Grand Prix,2026-03-15,shanghai,Shanghai International Circuit,hadjar,HAD,Isack Hadjar,red_bull,Red Bull,6,20.0,18.33333333333333,13.8,0.0,2.4,10.2,6.8,11.0,1.0,,,,,,,,,,,,,8.0,pre_practice,1,8.69436510258068
2026,2,Chinese Grand Prix,2026-03-15,shanghai,Shanghai International Circuit,stroll,STR,Lance Stroll,aston_martin,Aston Martin,18,17.0,14.666666666666666,15.6,0.0,0.2,13.6,1.8,14.0,5.0,,,,,,,,,,,,,18.0,pre_practice,1,13.420646233078791
2026,2,Chinese Grand Prix,2026-03-15,shanghai,Shanghai International Circuit,norris,NOR,Lando Norris,mclaren,McLaren,1,5.0,4.0,6.4,10.0,12.4,6.6,12.2,7.333333333333333,3.0,,,,,,,,,,,,,20.0,pre_practice,1,3.877221128934762
2026,2,Chinese Grand Prix,2026-03-15,shanghai,Shanghai International Circuit,hamilton,HAM,Lewis Hamilton,ferrari,Ferrari,44,4.0,8.0,10.0,12.0,4.0,5.4,9.4,5.375,8.0,,,,,,,,,,,,,3.0,pre_practice,1,7.511695293448703
2026,2,Chinese Grand Prix,2026-03-15,shanghai,Shanghai International Circuit,lawson,LAW,Liam Lawson,rb,RB F1 Team,30,13.0,13.333333333333334,12.2,0.0,1.6,13.6,0.8,12.0,1.0,,,,,,,,,,,,,7.0,pre_practice,1,12.322895092234788
2026,2,Chinese Grand Prix,2026-03-15,shanghai,Shanghai International Circuit,max_verstappen,VER,Max Verstappen,red_bull,Red Bull,3,6.0,2.6666666666666665,2.4,8.0,19.6,9.8,7.4,6.0,7.0,,,,,,,,,,,,,16.0,pre_practice,1,4.212083450535974
2026,2,Chinese Grand Prix,2026-03-15,shanghai,Shanghai International Circuit,hulkenberg,HUL,Nico Hülkenberg,audi,Audi,27,22.0,17.0,13.4,0.0,2.0,17.333333333333332,0.6666666666666666,13.0,8.0,,,,,,,,,,,,,11.0,pre_practice,1,12.99731055929062
2026,2,Chinese Grand Prix,2026-03-15,shanghai,Shanghai International Circuit,bearman,BEA,Oliver Bearman,haas,Haas F1 Team,87,7.0,12.666666666666666,10.8,6.0,3.0,10.4,2.4,8.0,1.0,,,,,,,,,,,,,5.0,pre_practice,1,14.312668522760077
2026,2,Chinese Grand Prix,2026-03-15,shanghai,Shanghai International Circuit,piastri,PIA,Oscar Piastri,mclaren,McLaren,81,21.0,8.333333333333334,10.0,0.0,9.2,10.2,8.6,4.5,2.0,,,,,,,,,,,,,19.0,pre_practice,1,6.211140681312397
2026,2,Chinese Grand Prix,2026-03-15,shanghai,Shanghai International Circuit,gasly,GAS,Pierre Gasly,alpine,Alpine F1 Team,10,10.0,15.0,13.6,1.0,0.4,14.6,0.4,14.25,4.0,,,,,,,,,,,,,6.0,pre_practice,1,13.717441009793982
2026,2,Chinese Grand Prix,2026-03-15,shanghai,Shanghai International Circuit,perez,PER,Sergio Pérez,cadillac,Cadillac F1 Team,11,16.0,17.666666666666668,14.8,0.0,0.2,16.0,0.0,9.0,7.0,,,,,,,,,,,,,15.0,pre_practice,1,12.581539148064413
2026,2,Chinese Grand Prix,2026-03-15,shanghai,Shanghai International Circuit,bottas,BOT,Valtteri Bottas,cadillac,Cadillac F1 Team,77,19.0,16.0,15.8,0.0,0.0,17.5,0.0,7.571428571428571,7.0,,,,,,,,,,,,,13.0,pre_practice,1,14.616021828910771
2026,3,Japanese Grand Prix,2026-03-29,suzuka,Suzuka Circuit,albon,ALB,Alexander Albon,williams,Williams,23,22.0,16.666666666666668,15.4,0.0,0.0,14.2,0.4,13.8,5.0,,,,,,,,,,,,,20.0,pre_practice,1,13.787700687359916
2026,3,Japanese Grand Prix,2026-03-29,suzuka,Suzuka Circuit,antonelli,ANT,Andrea Kimi Antonelli,mercedes,Mercedes,12,1.0,6.0,5.2,25.0,13.6,2.2,19.2,6.0,1.0,,,,,,,,,,,,,1.0,pre_practice,1,5.4704761540926725
2026,3,Japanese Grand Prix,2026-03-29,suzuka,Suzuka Circuit,arvid_lindblad,LIN,Arvid Lindblad,rb,RB F1 Team,41,12.0,10.0,10.0,0.0,2.0,11.6,2.0,,0.0,,,,,,,,,,,,,14.0,pre_practice,1,12.49218564770311
2026,3,Japanese Grand Prix,2026-03-29,suzuka,Suzuka Circuit,sainz,SAI,Carlos Sainz,williams,Williams,55,9.0,12.333333333333334,9.0,2.0,5.4,15.6,0.4,11.555555555555555,9.0,,,,,,,,,,,,,15.0,pre_practice,1,10.593187942031161
2026,3,Japanese Grand Prix,2026-03-29,suzuka,Suzuka Circuit,leclerc,LEC,Charles Leclerc,ferrari,Ferrari,16,4.0,3.6666666666666665,4.6,12.0,11.0,4.0,12.4,6.5,6.0,,,,,,,,,,,,,3.0,pre_practice,1,5.756207241366259
2026,3,Japanese Grand Prix,2026-03-29,suzuka,Suzuka Circuit,ocon,OCO,Esteban Ocon,haas,Haas F1 Team,31,14.0,10.666666666666666,11.2,0.0,1.6,11.8,3.2,11.714285714285714,7.0,,,,,,,,,,,,,10.0,pre_practice,1,12.573757373993267
2026,3,Japanese Grand Prix,2026-03-29,suzuka,Suzuka Circuit,alonso,ALO,Fernando Alonso,aston_martin,Aston Martin,14,17.0,13.666666666666666,11.8,0.0,2.8,16.0,0.2,11.77777777777778,9.0,,,,,,,,,,,,,18.0,pre_practice,1,12.774913314987982
2026,3,Japanese Grand Prix,2026-03-29,suzuka,Suzuka Circuit,colapinto,COL,Franco Colapinto,alpine,Alpine F1 Team,43,10.0,14.666666666666666,14.6,1.0,0.2,11.8,2.0,,0.0,,,,,,,,,,,,,16.0,pre_practice,1,13.464536342384287
2026,3,Japanese Grand Prix,2026-03-29,suzuka,Suzuka Circuit,bortoleto,BOR,Gabriel Bortoleto,audi,Audi,5,21.0,13.666666666666666,14.2,0.0,0.4,15.75,0.5,19.0,1.0,,,,,,,,,,,,,13.0,pre_practice,1,14.029998868246222
2026,3,Japanese Grand Prix,2026-03-29,suzuka,Suzuka Circuit,russell,RUS,George Russell,mercedes,Mercedes,63,2.0,2.6666666666666665,3.2,18.0,15.8,1.4,22.2,8.6,5.0,,,,,,,,,,,,,4.0,pre_practice,1,3.407895513196175
2026,3,Japanese Grand Prix,2026-03-29,suzuka,Suzuka Circuit,hadjar,HAD,Isack Hadjar,red_bull,Red Bull,6,8.0,15.0,13.8,4.0,2.4,12.8,2.4,8.0,1.0,,,,,,,,,,,,,12.0,pre_practice,1,11.70833392071772
2026,3,Japanese Grand Prix,2026-03-29,suzuka,Suzuka Circuit,stroll,STR,Lance Stroll,aston_martin,Aston Martin,18,18.0,15.0,16.0,0.0,0.2,17.6,0.0,14.857142857142858,7.0,,,,,,,,,,,,,21.0,pre_practice,1,15.265075207224648
2026,3,Japanese Grand Prix,2026-03-29,suzuka,Suzuka Circuit,norris,NOR,Lando Norris,mclaren,McLaren,1,20.0,9.333333333333334,10.2,0.0,7.4,13.4,5.6,6.0,5.0,,,,,,,,,,,,,5.0,pre_practice,1,6.031493656187915
2026,3,Japanese Grand Prix,2026-03-29,suzuka,Suzuka Circuit,hamilton,HAM,Lewis Hamilton,ferrari,Ferrari,44,3.0,5.0,7.0,15.0,7.0,3.6,13.2,3.6,10.0,,,,,,,,,,,,,6.0,pre_practice,1,6.745563268336615
2026,3,Japanese Grand Prix,2026-03-29,suzuka,Suzuka Circuit,lawson,LAW,Liam Lawson,rb,RB F1 Team,30,7.0,12.666666666666666,12.2,6.0,1.6,10.8,2.0,14.0,2.0,,,,,,,,,,,,,9.0,pre_practice,1,12.735001126321173
2026,3,Japanese Grand Prix,2026-03-29,suzuka,Suzuka Circuit,max_verstappen,VER,Max Verstappen,red_bull,Red Bull,3,16.0,7.666666666666667,5.0,0.0,16.6,12.4,2.4,4.222222222222222,9.0,,,,,,,,,,,,,8.0,pre_practice,1,5.7695020105432215
2026,3,Japanese Grand Prix,2026-03-29,suzuka,Suzuka Circuit,hulkenberg,HUL,Nico Hülkenberg,audi,Audi,27,11.0,14.0,13.8,0.0,1.6,15.2,0.4,13.22222222222222,9.0,,,,,,,,,,,,,11.0,pre_practice,1,12.702511709010425
2026,3,Japanese Grand Prix,2026-03-29,suzuka,Suzuka Circuit,bearman,BEA,Oliver Bearman,haas,Haas F1 Team,87,5.0,8.0,10.6,10.0,3.4,8.8,4.4,10.0,1.0,,,,,,,,,,,,,22.0,pre_practice,1,11.430204329764285
2026,3,Japanese Grand Prix,2026-03-29,suzuka,Suzuka Circuit,piastri,PIA,Oscar Piastri,mclaren,McLaren,81,19.0,14.0,12.8,0.0,7.2,14.0,4.0,4.666666666666667,3.0,,,,,,,,,,,,,2.0,pre_practice,1,8.379948620784134
2026,3,Japanese Grand Prix,2026-03-29,suzuka,Suzuka Circuit,gasly,GAS,Pierre Gasly,alpine,Alpine F1 Team,10,6.0,11.666666666666666,12.8,8.0,1.8,11.2,2.0,12.571428571428571,7.0,,,,,,,,,,,,,7.0,pre_practice,1,12.165778790668648
2026,3,Japanese Grand Prix,2026-03-29,suzuka,Suzuka Circuit,perez,PER,Sergio Pérez,cadillac,Cadillac F1 Team,11,15.0,17.0,15.6,0.0,0.2,16.4,0.0,8.222222222222221,9.0,,,,,,,,,,,,,17.0,pre_practice,1,12.660721867513129
2026,3,Japanese Grand Prix,2026-03-29,suzuka,Suzuka Circuit,bottas,BOT,Valtteri Bottas,cadillac,Cadillac F1 Team,77,13.0,16.666666666666668,15.8,0.0,0.0,15.75,0.0,8.555555555555555,9.0,,,,,,,,,,,,,19.0,pre_practice,1,14.422632191612553
2026,4,Miami Grand Prix,2026-05-03,miami,Miami International Autodrome,albon,ALB,Alexander Albon,williams,Williams,23,20.0,18.0,16.2,0.0,0.0,16.2,0.4,11.5,4.0,,,,,,,,,,,,,10.0,pre_practice,1,14.243768096216934
2026,4,Miami Grand Prix,2026-05-03,miami,Miami International Autodrome,antonelli,ANT,Andrea Kimi Antonelli,mercedes,Mercedes,12,1.0,1.3333333333333333,4.8,25.0,15.6,1.8,21.0,6.0,1.0,,,,,,,,,,,,,1.0,pre_practice,1,5.284669821297998
2026,4,Miami Grand Prix,2026-05-03,miami,Miami International Autodrome,arvid_lindblad,LIN,Arvid Lindblad,rb,RB F1 Team,41,14.0,11.333333333333334,11.333333333333334,0.0,1.3333333333333333,11.0,1.6,,0.0,,,,,,,,,,,,,14.0,pre_practice,1,12.389905800331455
2026,4,Miami Grand Prix,2026-05-03,miami,Miami International Autodrome,sainz,SAI,Carlos Sainz,williams,Williams,55,15.0,13.0,11.0,0.0,3.4,15.2,0.6,5.5,4.0,,,,,,,,,,,,,9.0,pre_practice,1,11.137382314948157
2026,4,Miami Grand Prix,2026-05-03,miami,Miami International Autodrome,leclerc,LEC,Charles Leclerc,ferrari,Ferrari,16,3.0,3.333333333333333,4.4,15.0,11.6,4.4,11.6,4.75,4.0,,,,,,,,,,,,,8.0,pre_practice,1,5.769553169920554
2026,4,Miami Grand Prix,2026-05-03,miami,Miami International Autodrome,ocon,OCO,Esteban Ocon,haas,Haas F1 Team,31,10.0,11.666666666666666,11.4,1.0,1.4,12.4,2.2,9.75,4.0,,,,,,,,,,,,,13.0,pre_practice,1,12.430414172813576
2026,4,Miami Grand Prix,2026-05-03,miami,Miami International Autodrome,alonso,ALO,Fernando Alonso,aston_martin,Aston Martin,14,18.0,17.666666666666668,13.2,0.0,2.8,18.2,0.0,9.5,4.0,,,,,,,,,,,,,15.0,pre_practice,1,12.928549746525855
2026,4,Miami Grand Prix,2026-05-03,miami,Miami International Autodrome,colapinto,COL,Franco Colapinto,alpine,Alpine F1 Team,43,16.0,13.333333333333334,14.8,0.0,0.2,9.8,3.2,,0.0,,,,,,,,,,,,,7.0,pre_practice,1,13.029069127792276
2026,4,Miami Grand Prix,2026-05-03,miami,Miami International Autodrome,bortoleto,BOR,Gabriel Bortoleto,audi,Audi,5,13.0,14.333333333333334,13.4,0.0,0.4,15.6,0.0,18.0,1.0,,,,,,,,,,,,,12.0,pre_practice,1,14.43009222094904
2026,4,Miami Grand Prix,2026-05-03,miami,Miami International Autodrome,russell,RUS,George Russell,mercedes,Mercedes,63,4.0,2.333333333333333,3.6,12.0,14.6,1.8,21.0,5.0,4.0,,,,,,,,,,,,,4.0,pre_practice,1,3.3925167693788008
2026,4,Miami Grand Prix,2026-05-03,miami,Miami International Autodrome,hadjar,HAD,Isack Hadjar,red_bull,Red Bull,6,12.0,13.333333333333334,15.0,0.0,0.8,10.0,3.2,11.0,1.0,,,,,,,,,,,,,22.0,pre_practice,1,11.601060939024556
2026,4,Miami Grand Prix,2026-05-03,miami,Miami International Autodrome,stroll,STR,Lance Stroll,aston_martin,Aston Martin,18,21.0,18.666666666666668,16.6,0.0,0.2,17.8,0.0,13.75,4.0,,,,,,,,,,,,,17.0,pre_practice,1,14.12160368541541
2026,4,Miami Grand Prix,2026-05-03,miami,Miami International Autodrome,norris,NOR,Lando Norris,mclaren,McLaren,1,5.0,10.0,7.4,10.0,9.4,13.4,5.6,9.75,4.0,,,,,,,,,,,,,2.0,pre_practice,1,5.593862519467457
2026,4,Miami Grand Prix,2026-05-03,miami,Miami International Autodrome,hamilton,HAM,Lewis Hamilton,ferrari,Ferrari,44,6.0,4.333333333333333,6.6,8.0,7.8,3.8,13.0,6.5,4.0,,,,,,,,,,,,,6.0,pre_practice,1,5.8503763214943785
2026,4,Miami Grand Prix,2026-05-03,miami,Miami International Autodrome,lawson,LAW,Liam Lawson,rb,RB F1 Team,30,9.0,9.666666666666666,11.2,2.0,2.0,11.2,1.6,17.0,1.0,,,,,,,,,,,,,20.0,pre_practice,1,12.947161161861573
2026,4,Miami Grand Prix,2026-05-03,miami,Miami International Autodrome,max_verstappen,VER,Max Verstappen,red_bull,Red Bull,3,8.0,10.0,6.4,4.0,12.4,13.2,1.6,2.0,4.0,,,,,,,,,,,,,5.0,pre_practice,1,3.4843008763978434
2026,4,Miami Grand Prix,2026-05-03,miami,Miami International Autodrome,hulkenberg,HUL,Nico Hülkenberg,audi,Audi,27,11.0,14.666666666666666,14.6,0.0,0.4,13.6,0.0,13.333333333333334,3.0,,,,,,,,,,,,,19.0,pre_practice,1,13.328755189775041
2026,4,Miami Grand Prix,2026-05-03,miami,Miami International Autodrome,bearman,BEA,Oliver Bearman,haas,Haas F1 Team,87,22.0,11.333333333333334,13.0,0.0,3.2,12.4,2.2,19.0,1.0,,,,,,,,,,,,,11.0,pre_practice,1,12.994636927857627
2026,4,Miami Grand Prix,2026-05-03,miami,Miami International Autodrome,piastri,PIA,Oscar Piastri,mclaren,McLaren,81,2.0,14.0,9.2,18.0,10.8,9.6,9.2,11.0,3.0,,,,,,,,,,,,,3.0,pre_practice,1,5.080824665866602
2026,4,Miami Grand Prix,2026-05-03,miami,Miami International Autodrome,gasly,GAS,Pierre Gasly,alpine,Alpine F1 Team,10,7.0,7.666666666666667,11.6,6.0,3.0,9.2,4.2,12.75,4.0,,,,,,,,,,,,,21.0,pre_practice,1,11.269541687420352
2026,4,Miami Grand Prix,2026-05-03,miami,Miami International Autodrome,perez,PER,Sergio Pérez,cadillac,Cadillac F1 Team,11,17.0,16.0,17.0,0.0,0.0,16.4,0.0,3.333333333333333,3.0,,,,,,,,,,,,,16.0,pre_practice,1,11.129652155616531
2026,4,Miami Grand Prix,2026-05-03,miami,Miami International Autodrome,bottas,BOT,Valtteri Bottas,cadillac,Cadillac F1 Team,77,19.0,17.0,16.0,0.0,0.0,16.0,0.0,12.0,3.0,,,,,,,,,,,,,18.0,pre_practice,1,14.853145561146876
2026,5,Canadian Grand Prix,2026-05-24,villeneuve,Circuit Gilles Villeneuve,albon,ALB,Alexander Albon,williams,Williams,23,10.0,17.333333333333332,16.0,1.0,0.2,12.6,1.0,15.2,5.0,,,,,,,,,,,,,21.0,pre_practice,1,13.460595768286055
2026,5,Canadian Grand Prix,2026-05-24,villeneuve,Circuit Gilles Villeneuve,antonelli,ANT,Andrea Kimi Antonelli,mercedes,Mercedes,12,1.0,1.0,4.0,25.0,18.6,2.4,18.4,3.0,1.0,,,,,,,,,,,,,1.0,pre_practice,1,5.653420142073174
2026,5,Canadian Grand Prix,2026-05-24,villeneuve,Circuit Gilles Villeneuve,arvid_lindblad,LIN,Arvid Lindblad,rb,RB F1 Team,41,14.0,13.333333333333334,12.0,0.0,1.0,12.8,1.6,,0.0,,,,,,,,,,,,,22.0,pre_practice,1,12.7032992143047
2026,5,Canadian Grand Prix,2026-05-24,villeneuve,Circuit Gilles Villeneuve,sainz,SAI,Carlos Sainz,williams,Williams,55,9.0,11.0,12.2,2.0,0.8,15.0,0.6,10.333333333333334,9.0,,,,,,,,,,,,,9.0,pre_practice,1,12.923599249453478
2026,5,Canadian Grand Prix,2026-05-24,villeneuve,Circuit Gilles Villeneuve,leclerc,LEC,Charles Leclerc,ferrari,Ferrari,16,8.0,5.0,4.4,4.0,11.6,5.0,10.6,7.666666666666667,6.0,,,,,,,,,,,,,4.0,pre_practice,1,6.476397601770805
2026,5,Canadian Grand Prix,2026-05-24,villeneuve,Circuit Gilles Villeneuve,ocon,OCO,Esteban Ocon,haas,Haas F1 Team,31,13.0,12.333333333333334,11.0,0.0,1.4,13.2,0.4,8.0,6.0,,,,,,,,,,,,,14.0,pre_practice,1,12.012985676898296
2026,5,Canadian Grand Prix,2026-05-24,villeneuve,Circuit Gilles Villeneuve,alonso,ALO,Fernando Alonso,aston_martin,Aston Martin,14,15.0,16.666666666666668,14.8,0.0,1.6,17.8,0.0,10.555555555555555,9.0,,,,,,,,,,,,,20.0,pre_practice,1,13.363888326509553
2026,5,Canadian Grand Prix,2026-05-24,villeneuve,Circuit Gilles Villeneuve,colapinto,COL,Franco Colapinto,alpine,Alpine F1 Team,43,7.0,11.0,13.4,6.0,1.4,11.4,4.0,13.0,1.0,,,,,,,,,,,,,6.0,pre_practice,1,11.24213925311607
2026,5,Canadian Grand Prix,2026-05-24,villeneuve,Circuit Gilles Villeneuve,bortoleto,BOR,Gabriel Bortoleto,audi,Audi,5,12.0,15.333333333333334,13.2,0.0,0.4,13.2,0.0,14.0,1.0,,,,,,,,,,,,,13.0,pre_practice,1,13.868369831124454
2026,5,Canadian Grand Prix,2026-05-24,villeneuve,Circuit Gilles Villeneuve,russell,RUS,George Russell,mercedes,Mercedes,63,4.0,3.333333333333333,3.2,12.0,15.4,2.2,19.8,8.6,5.0,,,,,,,,,,,,,19.0,pre_practice,1,3.407895513196175
2026,5,Canadian Grand Prix,2026-05-24,villeneuve,Circuit Gilles Villeneuve,hadjar,HAD,Isack Hadjar,red_bull,Red Bull,6,22.0,14.0,15.8,0.0,0.8,12.6,2.8,16.0,1.0,,,,,,,,,,,,,5.0,pre_practice,1,12.610560534216253
2026,5,Canadian Grand Prix,2026-05-24,villeneuve,Circuit Gilles Villeneuve,stroll,STR,Lance Stroll,aston_martin,Aston Martin,18,17.0,18.666666666666668,16.6,0.0,0.2,18.2,0.0,11.571428571428571,7.0,,,,,,,,,,,,,15.0,pre_practice,1,14.339676411209268
2026,5,Canadian Grand Prix,2026-05-24,villeneuve,Circuit Gilles Villeneuve,norris,NOR,Lando Norris,mclaren,McLaren,1,2.0,9.0,7.0,18.0,10.6,6.2,12.2,13.6,5.0,,,,,,,,,,,,,18.0,pre_practice,1,5.129867566143607
2026,5,Canadian Grand Prix,2026-05-24,villeneuve,Circuit Gilles Villeneuve,hamilton,HAM,Lewis Hamilton,ferrari,Ferrari,44,6.0,5.0,5.4,8.0,9.4,5.4,9.4,4.2,10.0,,,,,,,,,,,,,2.0,pre_practice,1,6.403176171358923
2026,5,Canadian Grand Prix,2026-05-24,villeneuve,Circuit Gilles Villeneuve,lawson,LAW,Liam Lawson,rb,RB F1 Team,30,20.0,12.0,13.4,0.0,1.6,15.8,0.4,19.0,1.0,,,,,,,,,,,,,7.0,pre_practice,1,12.891632415437234
2026,5,Canadian Grand Prix,2026-05-24,villeneuve,Circuit Gilles Villeneuve,max_verstappen,VER,Max Verstappen,red_bull,Red Bull,3,5.0,9.666666666666666,7.2,10.0,9.4,10.4,4.8,5.555555555555555,9.0,,,,,,,,,,,,,3.0,pre_practice,1,6.07973967985615
2026,5,Canadian Grand Prix,2026-05-24,villeneuve,Circuit Gilles Villeneuve,hulkenberg,HUL,Nico Hülkenberg,audi,Audi,27,19.0,13.666666666666666,14.4,0.0,0.4,13.6,0.0,8.555555555555555,9.0,,,,,,,,,,,,,12.0,pre_practice,1,12.988388461771835
2026,5,Canadian Grand Prix,2026-05-24,villeneuve,Circuit Gilles Villeneuve,bearman,BEA,Oliver Bearman,haas,Haas F1 Team,87,11.0,12.666666666666666,11.4,0.0,3.2,14.0,0.2,11.0,1.0,,,,,,,,,,,,,10.0,pre_practice,1,13.064158618484095
2026,5,Canadian Grand Prix,2026-05-24,villeneuve,Circuit Gilles Villeneuve,piastri,PIA,Oscar Piastri,mclaren,McLaren,81,3.0,8.0,9.4,15.0,10.2,6.0,12.2,6.666666666666667,3.0,,,,,,,,,,,,,11.0,pre_practice,1,4.6734024704733965
2026,5,Canadian Grand Prix,2026-05-24,villeneuve,Circuit Gilles Villeneuve,gasly,GAS,Pierre Gasly,alpine,Alpine F1 Team,10,21.0,11.333333333333334,12.6,0.0,3.0,11.4,4.0,11.5,6.0,,,,,,,,,,,,,8.0,pre_practice,1,10.923418953716206
2026,5,Canadian Grand Prix,2026-05-24,villeneuve,Circuit Gilles Villeneuve,perez,PER,Sergio Pérez,cadillac,Cadillac F1 Team,11,16.0,16.0,16.8,0.0,0.0,17.2,0.0,11.88888888888889,9.0,,,,,,,,,,,,,17.0,pre_practice,1,12.85989031492821
2026,5,Canadian Grand Prix,2026-05-24,villeneuve,Circuit Gilles Villeneuve,bottas,BOT,Valtteri Bottas,cadillac,Cadillac F1 Team,77,18.0,16.666666666666668,17.4,0.0,0.0,17.0,0.0,5.666666666666667,9.0,,,,,,,,,,,,,16.0,pre_practice,1,14.3629475387596
2026,6,Monaco Grand Prix,2026-06-07,monaco,Circuit de Monaco,albon,ALB,Alexander Albon,williams,Williams,23,21.0,17.0,17.0,0.0,0.2,12.8,1.0,11.6,5.0,,,,,,,,,,,,,8.0,pre_practice,1,13.121092786486013
2026,6,Monaco Grand Prix,2026-06-07,monaco,Circuit de Monaco,antonelli,ANT,Andrea Kimi Antonelli,mercedes,Mercedes,12,1.0,1.0,1.2,25.0,23.6,5.8,14.8,18.0,1.0,,,,,,,,,,,,,1.0,pre_practice,1,5.6193363041068976
2026,6,Monaco Grand Prix,2026-06-07,monaco,Circuit de Monaco,arvid_lindblad,LIN,Arvid Lindblad,rb,RB F1 Team,41,22.0,16.666666666666668,14.0,0.0,0.8,14.4,1.6,,0.0,,,,,,,,,,,,,7.0,pre_practice,1,13.417188820179868
2026,6,Monaco Grand Prix,2026-06-07,monaco,Circuit de Monaco,sainz,SAI,Carlos Sainz,williams,Williams,55,9.0,11.0,11.4,2.0,1.2,11.4,1.8,6.5,10.0,,,,,,,,,,,,,16.0,pre_practice,1,11.110885078429284
2026,6,Monaco Grand Prix,2026-06-07,monaco,Circuit de Monaco,leclerc,LEC,Charles Leclerc,ferrari,Ferrari,16,4.0,5.0,4.4,12.0,11.6,4.4,12.0,10.142857142857142,7.0,,,,,,,,,,,,,17.0,pre_practice,1,6.379539800417154
2026,6,Monaco Grand Prix,2026-06-07,monaco,Circuit de Monaco,ocon,OCO,Esteban Ocon,haas,Haas F1 Team,31,14.0,12.333333333333334,12.4,0.0,0.2,13.6,0.2,9.428571428571429,7.0,,,,,,,,,,,,,9.0,pre_practice,1,13.666285995621548
2026,6,Monaco Grand Prix,2026-06-07,monaco,Circuit de Monaco,alonso,ALO,Fernando Alonso,aston_martin,Aston Martin,14,20.0,17.666666666666668,17.6,0.0,0.0,17.6,0.0,11.11111111111111,9.0,,,,,,,,,,,,,10.0,pre_practice,1,14.089885333376502
2026,6,Monaco Grand Prix,2026-06-07,monaco,Circuit de Monaco,colapinto,COL,Franco Colapinto,alpine,Alpine F1 Team,43,6.0,9.666666666666666,10.6,8.0,3.0,9.8,4.8,13.0,1.0,,,,,,,,,,,,,14.0,pre_practice,1,10.969979206404787
2026,6,Monaco Grand Prix,2026-06-07,monaco,Circuit de Monaco,bortoleto,BOR,Gabriel Bortoleto,audi,Audi,5,13.0,12.666666666666666,13.6,0.0,0.4,13.4,0.0,14.0,1.0,,,,,,,,,,,,,11.0,pre_practice,1,13.902472211102475
2026,6,Monaco Grand Prix,2026-06-07,monaco,Circuit de Monaco,russell,RUS,George Russell,mercedes,Mercedes,63,19.0,9.0,6.0,0.0,13.4,5.2,17.4,9.166666666666666,6.0,,,,,,,,,,,,,12.0,pre_practice,1,4.03411259422835
2026,6,Monaco Grand Prix,2026-06-07,monaco,Circuit de Monaco,hadjar,HAD,Isack Hadjar,red_bull,Red Bull,6,5.0,13.0,13.4,10.0,2.8,8.6,7.8,6.0,1.0,,,,,,,,,,,,,4.0,pre_practice,1,8.986676370273635
2026,6,Monaco Grand Prix,2026-06-07,monaco,Circuit de Monaco,stroll,STR,Lance Stroll,aston_martin,Aston Martin,18,15.0,17.666666666666668,17.6,0.0,0.0,15.4,0.2,14.875,8.0,,,,,,,,,,,,,18.0,pre_practice,1,14.810959157054183
2026,6,Monaco Grand Prix,2026-06-07,monaco,Circuit de Monaco,norris,NOR,Lando Norris,mclaren,McLaren,1,18.0,8.333333333333334,10.0,0.0,7.6,7.2,10.2,5.666666666666667,6.0,,,,,,,,,,,,,19.0,pre_practice,1,5.2117344378921375
2026,6,Monaco Grand Prix,2026-06-07,monaco,Circuit de Monaco,hamilton,HAM,Lewis Hamilton,ferrari,Ferrari,44,2.0,4.666666666666667,4.2,18.0,12.2,4.6,11.4,4.363636363636363,11.0,,,,,,,,,,,,,2.0,pre_practice,1,6.22496079881524
2026,6,Monaco Grand Prix,2026-06-07,monaco,Circuit de Monaco,lawson,LAW,Liam Lawson,rb,RB F1 Team,30,7.0,12.0,11.2,6.0,2.8,14.0,2.4,8.0,1.0,,,,,,,,,,,,,6.0,pre_practice,1,12.464708333411199
2026,6,Monaco Grand Prix,2026-06-07,monaco,Circuit de Monaco,max_verstappen,VER,Max Verstappen,red_bull,Red Bull,3,3.0,5.333333333333333,7.6,15.0,7.4,7.8,9.4,6.9,10.0,,,,,,,,,,,,,22.0,pre_practice,1,6.965009499946742
2026,6,Monaco Grand Prix,2026-06-07,monaco,Circuit de Monaco,hulkenberg,HUL,Nico Hülkenberg,audi,Audi,27,12.0,14.0,15.0,0.0,0.0,13.4,0.0,12.77777777777778,9.0,,,,,,,,,,,,,13.0,pre_practice,1,13.563406772286884
2026,6,Monaco Grand Prix,2026-06-07,monaco,Circuit de Monaco,bearman,BEA,Oliver Bearman,haas,Haas F1 Team,87,10.0,14.333333333333334,11.0,1.0,3.4,11.6,0.4,12.0,1.0,,,,,,,,,,,,,20.0,pre_practice,1,11.815334459906758
2026,6,Monaco Grand Prix,2026-06-07,monaco,Circuit de Monaco,piastri,PIA,Oscar Piastri,mclaren,McLaren,81,11.0,5.333333333333333,11.2,0.0,6.6,10.6,6.6,5.0,3.0,,,,,,,,,,,,,5.0,pre_practice,1,8.249088511598568
2026,6,Monaco Grand Prix,2026-06-07,monaco,Circuit de Monaco,gasly,GAS,Pierre Gasly,alpine,Alpine F1 Team,10,8.0,12.0,10.4,4.0,3.8,11.2,3.6,9.428571428571429,7.0,,,,,,,,,,,,,3.0,pre_practice,1,10.456464511075982
2026,6,Monaco Grand Prix,2026-06-07,monaco,Circuit de Monaco,perez,PER,Sergio Pérez,cadillac,Cadillac F1 Team,11,17.0,16.666666666666668,16.2,0.0,0.0,17.6,0.0,10.7,10.0,,,,,,,,,,,,,15.0,pre_practice,1,12.86303105073652
2026,6,Monaco Grand Prix,2026-06-07,monaco,Circuit de Monaco,bottas,BOT,Valtteri Bottas,cadillac,Cadillac F1 Team,77,16.0,17.666666666666668,17.0,0.0,0.0,16.8,0.0,10.6,10.0,,,,,,,,,,,,,21.0,pre_practice,1,15.381873733902124
2026,7,Barcelona Grand Prix,2026-06-14,catalunya,Circuit de Barcelona-Catalunya,albon,ALB,Alexander Albon,williams,Williams,23,8.0,13.0,16.2,4.0,1.0,12.6,1.6,15.0,6.0,,,,,,,,,,,,,18.0,pre_practice,1,13.1118406920291
2026,7,Barcelona Grand Prix,2026-06-14,catalunya,Circuit de Barcelona-Catalunya,antonelli,ANT,Andrea Kimi Antonelli,mercedes,Mercedes,12,1.0,1.0,1.0,25.0,25.0,7.4,12.4,18.0,1.0,,,,,,,,,,,,,16.0,pre_practice,1,6.275594622155773
2026,7,Barcelona Grand Prix,2026-06-14,catalunya,Circuit de Barcelona-Catalunya,arvid_lindblad,LIN,Arvid Lindblad,rb,RB F1 Team,41,7.0,14.333333333333334,13.8,6.0,1.2,12.4,4.0,,0.0,,,,,,,,,,,,,9.0,pre_practice,1,11.311027714023412
2026,7,Barcelona Grand Prix,2026-06-14,catalunya,Circuit de Barcelona-Catalunya,sainz,SAI,Carlos Sainz,williams,Williams,55,16.0,11.333333333333334,11.6,0.0,1.2,14.4,1.2,7.181818181818182,11.0,,,,,,,,,,,,,12.0,pre_practice,1,12.37103592802697
2026,7,Barcelona Grand Prix,2026-06-14,catalunya,Circuit de Barcelona-Catalunya,leclerc,LEC,Charles Leclerc,ferrari,Ferrari,16,17.0,9.666666666666666,7.2,0.0,8.6,5.2,14.6,9.75,8.0,,,,,,,,,,,,,15.0,pre_practice,1,5.3519778920432906
2026,7,Barcelona Grand Prix,2026-06-14,catalunya,Circuit de Barcelona-Catalunya,ocon,OCO,Esteban Ocon,haas,Haas F1 Team,31,9.0,12.0,12.0,2.0,0.6,14.0,0.6,10.5,8.0,,,,,,,,,,,,,13.0,pre_practice,1,13.19507564021623
2026,7,Barcelona Grand Prix,2026-06-14,catalunya,Circuit de Barcelona-Catalunya,alonso,ALO,Fernando Alonso,aston_martin,Aston Martin,14,10.0,15.0,16.0,1.0,0.2,16.0,0.2,11.9,10.0,,,,,,,,,,,,,19.0,pre_practice,1,14.15915885264433
2026,7,Barcelona Grand Prix,2026-06-14,catalunya,Circuit de Barcelona-Catalunya,colapinto,COL,Franco Colapinto,alpine,Alpine F1 Team,43,14.0,9.0,10.6,0.0,3.0,10.4,5.4,15.0,1.0,,,,,,,,,,,,,10.0,pre_practice,1,10.9640443583238
2026,7,Barcelona Grand Prix,2026-06-14,catalunya,Circuit de Barcelona-Catalunya,bortoleto,BOR,Gabriel Bortoleto,audi,Audi,5,11.0,12.0,14.0,0.0,0.0,13.6,0.0,12.0,1.0,,,,,,,,,,,,,11.0,pre_practice,1,13.76796941813281
2026,7,Barcelona Grand Prix,2026-06-14,catalunya,Circuit de Barcelona-Catalunya,russell,RUS,George Russell,mercedes,Mercedes,63,12.0,11.666666666666666,8.2,0.0,8.4,9.8,10.0,8.857142857142858,7.0,,,,,,,,,,,,,2.0,pre_practice,1,5.405927793747927
2026,7,Barcelona Grand Prix,2026-06-14,catalunya,Circuit de Barcelona-Catalunya,hadjar,HAD,Isack Hadjar,red_bull,Red Bull,6,4.0,10.333333333333334,10.2,12.0,5.2,7.8,9.4,7.0,1.0,,,,,,,,,,,,,6.0,pre_practice,1,7.373087783047201
2026,7,Barcelona Grand Prix,2026-06-14,catalunya,Circuit de Barcelona-Catalunya,stroll,STR,Lance Stroll,aston_martin,Aston Martin,18,18.0,16.666666666666668,17.8,0.0,0.0,16.4,0.2,12.0,8.0,,,,,,,,,,,,,22.0,pre_practice,1,14.892668566500818
2026,7,Barcelona Grand Prix,2026-06-14,catalunya,Circuit de Barcelona-Catalunya,norris,NOR,Lando Norris,mclaren,McLaren,1,19.0,13.0,12.8,0.0,5.6,11.2,5.0,9.571428571428571,7.0,,,,,,,,,,,,,3.0,pre_practice,1,8.13061520349556
2026,7,Barcelona Grand Prix,2026-06-14,catalunya,Circuit de Barcelona-Catalunya,hamilton,HAM,Lewis Hamilton,ferrari,Ferrari,44,2.0,3.333333333333333,3.8,18.0,13.4,6.6,10.4,3.75,12.0,,,,,,,,,,,,,1.0,pre_practice,1,5.021335584600311
2026,7,Barcelona Grand Prix,2026-06-14,catalunya,Circuit de Barcelona-Catalunya,lawson,LAW,Liam Lawson,rb,RB F1 Team,30,6.0,11.0,9.8,8.0,4.4,10.2,4.4,11.0,1.0,,,,,,,,,,,,,8.0,pre_practice,1,10.81137013056497
2026,7,Barcelona Grand Prix,2026-06-14,catalunya,Circuit de Barcelona-Catalunya,max_verstappen,VER,Max Verstappen,red_bull,Red Bull,3,22.0,10.0,10.8,0.0,5.8,8.0,9.0,4.909090909090909,11.0,,,,,,,,,,,,,4.0,pre_practice,1,6.644035168745618
2026,7,Barcelona Grand Prix,2026-06-14,catalunya,Circuit de Barcelona-Catalunya,hulkenberg,HUL,Nico Hülkenberg,audi,Audi,27,13.0,14.666666666666666,13.2,0.0,0.0,12.0,0.0,12.77777777777778,9.0,,,,,,,,,,,,,20.0,pre_practice,1,13.135052235902549
2026,7,Barcelona Grand Prix,2026-06-14,catalunya,Circuit de Barcelona-Catalunya,bearman,BEA,Oliver Bearman,haas,Haas F1 Team,87,20.0,13.666666666666666,13.6,0.0,2.2,13.2,0.6,17.0,1.0,,,,,,,,,,,,,17.0,pre_practice,1,12.935797660530273
2026,7,Barcelona Grand Prix,2026-06-14,catalunya,Circuit de Barcelona-Catalunya,piastri,PIA,Oscar Piastri,mclaren,McLaren,81,5.0,6.333333333333333,8.0,10.0,8.6,11.2,5.0,7.0,3.0,,,,,,,,,,,,,5.0,pre_practice,1,5.96218235387849
2026,7,Barcelona Grand Prix,2026-06-14,catalunya,Circuit de Barcelona-Catalunya,gasly,GAS,Pierre Gasly,alpine,Alpine F1 Team,10,3.0,10.666666666666666,9.0,15.0,6.6,8.2,5.6,10.5,8.0,,,,,,,,,,,,,7.0,pre_practice,1,8.400147691012403
2026,7,Barcelona Grand Prix,2026-06-14,catalunya,Circuit de Barcelona-Catalunya,perez,PER,Sergio Pérez,cadillac,Cadillac F1 Team,11,15.0,16.0,16.0,0.0,0.0,18.0,0.0,7.363636363636363,11.0,,,,,,,,,,,,,14.0,pre_practice,1,12.647236583083467
2026,7,Barcelona Grand Prix,2026-06-14,catalunya,Circuit de Barcelona-Catalunya,bottas,BOT,Valtteri Bottas,cadillac,Cadillac F1 Team,77,21.0,18.33333333333333,17.4,0.0,0.0,17.0,0.0,7.454545454545454,11.0,,,,,,,,,,,,,21.0,pre_practice,1,14.362543415925511
2026,8,Austrian Grand Prix,2026-06-28,red_bull_ring,Red Bull Ring,albon,ALB,Alexander Albon,williams,Williams,23,18.0,15.666666666666666,15.4,0.0,1.0,12.6,1.2,12.428571428571429,7.0,,,,,,,,,,,,,17.0,pre_practice,1,12.54221570628093
2026,8,Austrian Grand Prix,2026-06-28,red_bull_ring,Red Bull Ring,antonelli,ANT,Andrea Kimi Antonelli,mercedes,Mercedes,12,16.0,6.0,4.0,0.0,20.0,10.0,8.6,19.0,1.0,,,,,,,,,,,,,3.0,pre_practice,1,6.38269927414055
2026,8,Austrian Grand Prix,2026-06-28,red_bull_ring,Red Bull Ring,arvid_lindblad,LIN,Arvid Lindblad,rb,RB F1 Team,41,9.0,12.666666666666666,13.2,2.0,1.6,7.4,5.2,,0.0,,,,,,,,,,,,,10.0,pre_practice,1,10.19586042708892
2026,8,Austrian Grand Prix,2026-06-28,red_bull_ring,Red Bull Ring,sainz,SAI,Carlos Sainz,williams,Williams,55,12.0,12.333333333333334,12.2,0.0,0.8,14.2,0.8,10.23076923076923,13.0,,,,,,,,,,,,,20.0,pre_practice,1,13.463537862250632
2026,8,Austrian Grand Prix,2026-06-28,red_bull_ring,Red Bull Ring,leclerc,LEC,Charles Leclerc,ferrari,Ferrari,16,15.0,12.0,9.4,0.0,6.2,8.0,10.6,6.4,10.0,,,,,,,,,,,,,8.0,pre_practice,1,6.234311288177744
2026,8,Austrian Grand Prix,2026-06-28,red_bull_ring,Red Bull Ring,ocon,OCO,Esteban Ocon,haas,Haas F1 Team,31,13.0,12.0,11.8,0.0,0.6,14.6,0.4,11.5,10.0,,,,,,,,,,,,,16.0,pre_practice,1,13.70195638748578
2026,8,Austrian Grand Prix,2026-06-28,red_bull_ring,Red Bull Ring,alonso,ALO,Fernando Alonso,aston_martin,Aston Martin,14,19.0,16.333333333333332,16.4,0.0,0.2,16.8,0.2,11.727272727272728,11.0,,,,,,,,,,,,,18.0,pre_practice,1,14.718203989068561
2026,8,Austrian Grand Prix,2026-06-28,red_bull_ring,Red Bull Ring,colapinto,COL,Franco Colapinto,alpine,Alpine F1 Team,43,10.0,10.0,10.6,1.0,3.0,8.4,5.2,15.0,1.0,,,,,,,,,,,,,15.0,pre_practice,1,11.061779549030259
2026,8,Austrian Grand Prix,2026-06-28,red_bull_ring,Red Bull Ring,bortoleto,BOR,Gabriel Bortoleto,audi,Audi,5,11.0,11.666666666666666,12.0,0.0,0.0,13.4,0.0,8.0,1.0,,,,,,,,,,,,,11.0,pre_practice,1,13.446685514655982
2026,8,Austrian Grand Prix,2026-06-28,red_bull_ring,Red Bull Ring,russell,RUS,George Russell,mercedes,Mercedes,63,2.0,11.0,8.2,18.0,8.4,6.8,11.6,10.666666666666666,9.0,,,,,,,,,,,,,1.0,pre_practice,1,5.22174885248797
2026,8,Austrian Grand Prix,2026-06-28,red_bull_ring,Red Bull Ring,hadjar,HAD,Isack Hadjar,red_bull,Red Bull,6,6.0,5.0,9.8,8.0,6.0,7.8,9.4,12.0,1.0,,,,,,,,,,,,,6.0,pre_practice,1,8.443266338110993
2026,8,Austrian Grand Prix,2026-06-28,red_bull_ring,Red Bull Ring,stroll,STR,Lance Stroll,aston_martin,Aston Martin,18,22.0,18.33333333333333,18.6,0.0,0.0,17.4,0.2,12.090909090909092,11.0,,,,,,,,,,,,,19.0,pre_practice,1,14.92192314546272
2026,8,Austrian Grand Prix,2026-06-28,red_bull_ring,Red Bull Ring,norris,NOR,Lando Norris,mclaren,McLaren,1,3.0,13.333333333333334,9.4,15.0,8.6,8.6,7.0,6.0,9.0,,,,,,,,,,,,,7.0,pre_practice,1,4.646857589093004
2026,8,Austrian Grand Prix,2026-06-28,red_bull_ring,Red Bull Ring,hamilton,HAM,Lewis Hamilton,ferrari,Ferrari,44,1.0,1.6666666666666667,3.4,25.0,15.4,7.8,11.0,4.285714285714286,14.0,,,,,,,,,,,,,5.0,pre_practice,1,4.537011957371073
2026,8,Austrian Grand Prix,2026-06-28,red_bull_ring,Red Bull Ring,lawson,LAW,Liam Lawson,rb,RB F1 Team,30,8.0,7.0,10.0,4.0,4.0,8.0,4.2,6.0,1.0,,,,,,,,,,,,,9.0,pre_practice,1,9.858144310938387
2026,8,Austrian Grand Prix,2026-06-28,red_bull_ring,Red Bull Ring,max_verstappen,VER,Max Verstappen,red_bull,Red Bull,3,4.0,9.666666666666666,8.4,12.0,8.2,8.4,8.0,6.384615384615385,13.0,,,,,,,,,,,,,2.0,pre_practice,1,7.297944178275351
2026,8,Austrian Grand Prix,2026-06-28,red_bull_ring,Red Bull Ring,hulkenberg,HUL,Nico Hülkenberg,audi,Audi,27,20.0,15.0,15.0,0.0,0.0,13.2,0.0,12.77777777777778,9.0,,,,,,,,,,,,,12.0,pre_practice,1,13.520371041519253
2026,8,Austrian Grand Prix,2026-06-28,red_bull_ring,Red Bull Ring,bearman,BEA,Oliver Bearman,haas,Haas F1 Team,87,17.0,15.666666666666666,16.0,0.0,0.2,14.6,0.4,11.0,1.0,,,,,,,,,,,,,14.0,pre_practice,1,14.64607189913818
2026,8,Austrian Grand Prix,2026-06-28,red_bull_ring,Red Bull Ring,piastri,PIA,Oscar Piastri,mclaren,McLaren,81,5.0,7.0,5.2,10.0,10.6,7.8,8.2,6.666666666666667,3.0,,,,,,,,,,,,,4.0,pre_practice,1,5.560751382080631
2026,8,Austrian Grand Prix,2026-06-28,red_bull_ring,Red Bull Ring,gasly,GAS,Pierre Gasly,alpine,Alpine F1 Team,10,7.0,6.0,9.2,6.0,6.2,9.8,4.4,11.7,10.0,,,,,,,,,,,,,13.0,pre_practice,1,9.585322674600178
2026,8,Austrian Grand Prix,2026-06-28,red_bull_ring,Red Bull Ring,perez,PER,Sergio Pérez,cadillac,Cadillac F1 Team,11,14.0,15.333333333333334,15.8,0.0,0.0,18.6,0.0,8.384615384615385,13.0,,,,,,,,,,,,,21.0,pre_practice,1,13.597864019937052
2026,8,Austrian Grand Prix,2026-06-28,red_bull_ring,Red Bull Ring,bottas,BOT,Valtteri Bottas,cadillac,Cadillac F1 Team,77,21.0,19.33333333333333,19.0,0.0,0.0,17.6,0.0,6.923076923076923,13.0,,,,,,,,,,,,,22.0,pre_practice,1,14.337814975793957
2026,9,British Grand Prix,2026-07-05,silverstone,Silverstone Circuit,albon,ALB,Alexander Albon,williams,Williams,23,17.0,14.333333333333334,14.8,0.0,1.0,16.6,0.0,10.0,7.0,,,,,,,,,,,,,21.0,pre_practice,1,14.017117383717922
2026,9,British Grand Prix,2026-07-05,silverstone,Silverstone Circuit,antonelli,ANT,Andrea Kimi Antonelli,mercedes,Mercedes,12,3.0,6.666666666666667,4.4,15.0,18.0,6.8,11.6,16.0,1.0,,,,,,,,,,,,,15.0,pre_practice,1,5.228033916530953
2026,9,British Grand Prix,2026-07-05,silverstone,Silverstone Circuit,arvid_lindblad,LIN,Arvid Lindblad,rb,RB F1 Team,41,10.0,8.666666666666666,12.4,1.0,1.8,8.4,3.4,,0.0,,,,,,,,,,,,,7.0,pre_practice,1,11.93872427357109
2026,9,British Grand Prix,2026-07-05,silverstone,Silverstone Circuit,sainz,SAI,Carlos Sainz,williams,Williams,55,20.0,16.0,13.2,0.0,0.8,17.6,0.0,10.333333333333334,12.0,,,,,,,,,,,,,17.0,pre_practice,1,13.381887563442483
2026,9,British Grand Prix,2026-07-05,silverstone,Silverstone Circuit,leclerc,LEC,Charles Leclerc,ferrari,Ferrari,16,8.0,13.333333333333334,10.4,4.0,4.0,6.4,10.8,8.0,9.0,,,,,,,,,,,,,1.0,pre_practice,1,6.619974878387869
2026,9,British Grand Prix,2026-07-05,silverstone,Silverstone Circuit,ocon,OCO,Esteban Ocon,haas,Haas F1 Team,31,16.0,12.666666666666666,13.0,0.0,0.4,14.4,0.0,11.333333333333334,9.0,,,,,,,,,,,,,13.0,pre_practice,1,13.841843941994162
2026,9,British Grand Prix,2026-07-05,silverstone,Silverstone Circuit,alonso,ALO,Fernando Alonso,aston_martin,Aston Martin,14,18.0,15.666666666666666,16.4,0.0,0.2,19.2,0.0,9.1,10.0,,,,,,,,,,,,,18.0,pre_practice,1,14.30056718933049
2026,9,British Grand Prix,2026-07-05,silverstone,Silverstone Circuit,colapinto,COL,Franco Colapinto,alpine,Alpine F1 Team,43,15.0,13.0,10.4,0.0,3.0,9.6,4.4,20.0,1.0,,,,,,,,,,,,,9.0,pre_practice,1,11.260640614551853
2026,9,British Grand Prix,2026-07-05,silverstone,Silverstone Circuit,bortoleto,BOR,Gabriel Bortoleto,audi,Audi,5,11.0,11.0,11.6,0.0,0.0,13.4,0.0,18.0,1.0,,,,,,,,,,,,,8.0,pre_practice,1,14.178708087637846
2026,9,British Grand Prix,2026-07-05,silverstone,Silverstone Circuit,russell,RUS,George Russell,mercedes,Mercedes,63,1.0,5.0,7.6,25.0,11.0,7.4,11.6,13.5,8.0,,,,,,,,,,,,,2.0,pre_practice,1,5.628288581770166
2026,9,British Grand Prix,2026-07-05,silverstone,Silverstone Circuit,hadjar,HAD,Isack Hadjar,red_bull,Red Bull,6,6.0,5.333333333333333,8.6,8.0,7.6,8.0,9.2,17.0,1.0,,,,,,,,,,,,,5.0,pre_practice,1,8.202009004412442
2026,9,British Grand Prix,2026-07-05,silverstone,Silverstone Circuit,stroll,STR,Lance Stroll,aston_martin,Aston Martin,18,19.0,19.666666666666668,18.2,0.0,0.0,19.2,0.0,10.3,10.0,,,,,,,,,,,,,19.0,pre_practice,1,14.391720563933802
2026,9,British Grand Prix,2026-07-05,silverstone,Silverstone Circuit,norris,NOR,Lando Norris,mclaren,McLaren,1,7.0,9.666666666666666,9.8,6.0,7.8,4.8,10.6,5.125,8.0,,,,,,,,,,,,,4.0,pre_practice,1,5.105022913741809
2026,9,British Grand Prix,2026-07-05,silverstone,Silverstone Circuit,hamilton,HAM,Lewis Hamilton,ferrari,Ferrari,44,5.0,2.6666666666666665,3.2,10.0,15.8,9.2,7.8,1.6923076923076923,13.0,,,,,,,,,,,,,3.0,pre_practice,1,5.166164150493355
2026,9,British Grand Prix,2026-07-05,silverstone,Silverstone Circuit,lawson,LAW,Liam Lawson,rb,RB F1 Team,30,9.0,7.666666666666667,10.0,2.0,4.0,8.6,3.0,19.0,1.0,,,,,,,,,,,,,6.0,pre_practice,1,11.927991986464814
2026,9,British Grand Prix,2026-07-05,silverstone,Silverstone Circuit,max_verstappen,VER,Max Verstappen,red_bull,Red Bull,3,2.0,9.333333333333334,7.2,18.0,11.0,4.6,11.2,6.666666666666667,12.0,,,,,,,,,,,,,20.0,pre_practice,1,5.719650270153131
2026,9,British Grand Prix,2026-07-05,silverstone,Silverstone Circuit,hulkenberg,HUL,Nico Hülkenberg,audi,Audi,27,12.0,15.0,15.2,0.0,0.0,12.4,0.8,8.454545454545455,11.0,,,,,,,,,,,,,22.0,pre_practice,1,12.336239387113473
2026,9,British Grand Prix,2026-07-05,silverstone,Silverstone Circuit,bearman,BEA,Oliver Bearman,haas,Haas F1 Team,87,14.0,17.0,14.4,0.0,0.2,13.8,0.4,11.0,1.0,,,,,,,,,,,,,12.0,pre_practice,1,14.03667094667092
2026,9,British Grand Prix,2026-07-05,silverstone,Silverstone Circuit,piastri,PIA,Oscar Piastri,mclaren,McLaren,81,4.0,4.666666666666667,5.6,12.0,9.4,4.6,11.0,3.333333333333333,3.0,,,,,,,,,,,,,11.0,pre_practice,1,5.5378678437017745
2026,9,British Grand Prix,2026-07-05,silverstone,Silverstone Circuit,gasly,GAS,Pierre Gasly,alpine,Alpine F1 Team,10,13.0,7.666666666666667,10.4,0.0,5.0,10.8,1.8,11.77777777777778,9.0,,,,,,,,,,,,,10.0,pre_practice,1,10.744414793148483
2026,9,British Grand Prix,2026-07-05,silverstone,Silverstone Circuit,perez,PER,Sergio Pérez,cadillac,Cadillac F1 Team,11,21.0,16.666666666666668,16.6,0.0,0.0,18.8,0.0,10.3,10.0,,,,,,,,,,,,,14.0,pre_practice,1,12.697572210225594
2026,9,British Grand Prix,2026-07-05,silverstone,Silverstone Circuit,bottas,BOT,Valtteri Bottas,cadillac,Cadillac F1 Team,77,22.0,21.33333333333333,19.6,0.0,0.0,18.6,0.0,7.5,12.0,,,,,,,,,,,,,16.0,pre_practice,1,14.270336976018474
2026,10,Belgian Grand Prix,2026-07-19,spa,Circuit de Spa-Francorchamps,albon,ALB,Alexander Albon,williams,Williams,23,21.0,18.666666666666668,17.0,0.0,0.8,17.4,0.0,8.833333333333334,6.0,,,,,,,,,,,,,15.0,pre_practice,1,13.39458853681018
2026,10,Belgian Grand Prix,2026-07-19,spa,Circuit de Spa-Francorchamps,antonelli,ANT,Andrea Kimi Antonelli,mercedes,Mercedes,12,15.0,11.333333333333334,7.2,0.0,13.0,4.6,15.2,16.0,1.0,,,,,,,,,,,,,1.0,pre_practice,1,6.4525020318953485
2026,10,Belgian Grand Prix,2026-07-19,spa,Circuit de Spa-Francorchamps,arvid_lindblad,LIN,Arvid Lindblad,rb,RB F1 Team,41,7.0,8.666666666666666,11.0,6.0,3.0,8.0,4.2,,0.0,,,,,,,,,,,,,9.0,pre_practice,1,11.261447909123454
2026,10,Belgian Grand Prix,2026-07-19,spa,Circuit de Spa-Francorchamps,sainz,SAI,Carlos Sainz,williams,Williams,55,17.0,16.333333333333332,14.8,0.0,0.4,18.0,0.0,13.909090909090908,11.0,,,,,,,,,,,,,16.0,pre_practice,1,13.350412402001666
2026,10,Belgian Grand Prix,2026-07-19,spa,Circuit de Spa-Francorchamps,leclerc,LEC,Charles Leclerc,ferrari,Ferrari,16,1.0,8.0,9.0,25.0,8.2,4.2,13.2,7.0,8.0,,,,,,,,,,,,,2.0,pre_practice,1,5.887499813870526
2026,10,Belgian Grand Prix,2026-07-19,spa,Circuit de Spa-Francorchamps,ocon,OCO,Esteban Ocon,haas,Haas F1 Team,31,13.0,14.0,13.0,0.0,0.4,13.8,0.0,9.11111111111111,9.0,,,,,,,,,,,,,17.0,pre_practice,1,13.20547652278444
2026,10,Belgian Grand Prix,2026-07-19,spa,Circuit de Spa-Francorchamps,alonso,ALO,Fernando Alonso,aston_martin,Aston Martin,14,18.0,18.33333333333333,17.0,0.0,0.2,19.2,0.0,11.0,10.0,,,,,,,,,,,,,19.0,pre_practice,1,14.423580612286228
2026,10,Belgian Grand Prix,2026-07-19,spa,Circuit de Spa-Francorchamps,colapinto,COL,Franco Colapinto,alpine,Alpine F1 Team,43,9.0,11.333333333333334,10.8,2.0,2.2,10.8,1.8,19.0,1.0,,,,,,,,,,,,,10.0,pre_practice,1,12.686620525544319
2026,10,Belgian Grand Prix,2026-07-19,spa,Circuit de Spa-Francorchamps,bortoleto,BOR,Gabriel Bortoleto,audi,Audi,5,8.0,10.0,10.8,4.0,0.8,14.6,0.8,9.0,1.0,,,,,,,,,,,,,8.0,pre_practice,1,13.237352380630387
2026,10,Belgian Grand Prix,2026-07-19,spa,Circuit de Spa-Francorchamps,russell,RUS,George Russell,mercedes,Mercedes,63,2.0,1.6666666666666667,7.2,18.0,12.2,4.4,16.6,10.142857142857142,7.0,,,,,,,,,,,,,22.0,pre_practice,1,4.354058194413189
2026,10,Belgian Grand Prix,2026-07-19,spa,Circuit de Spa-Francorchamps,hadjar,HAD,Isack Hadjar,red_bull,Red Bull,6,5.0,5.666666666666667,5.2,10.0,9.6,7.4,9.6,20.0,1.0,,,,,,,,,,,,,6.0,pre_practice,1,6.106529403040835
2026,10,Belgian Grand Prix,2026-07-19,spa,Circuit de Spa-Francorchamps,stroll,STR,Lance Stroll,aston_martin,Aston Martin,18,19.0,20.0,18.6,0.0,0.0,18.6,0.0,12.0,9.0,,,,,,,,,,,,,20.0,pre_practice,1,14.388579828125492
2026,10,Belgian Grand Prix,2026-07-19,spa,Circuit de Spa-Francorchamps,norris,NOR,Lando Norris,mclaren,McLaren,1,4.0,4.666666666666667,10.2,12.0,6.6,6.2,8.0,8.285714285714286,7.0,,,,,,,,,,,,,7.0,pre_practice,1,7.738185563964424
2026,10,Belgian Grand Prix,2026-07-19,spa,Circuit de Spa-Francorchamps,hamilton,HAM,Lewis Hamilton,ferrari,Ferrari,44,3.0,3.0,2.6,15.0,17.2,6.4,10.8,5.333333333333333,12.0,,,,,,,,,,,,,4.0,pre_practice,1,4.884186984371804
2026,10,Belgian Grand Prix,2026-07-19,spa,Circuit de Spa-Francorchamps,lawson,LAW,Liam Lawson,rb,RB F1 Team,30,6.0,7.666666666666667,7.2,8.0,5.6,8.2,3.8,8.0,1.0,,,,,,,,,,,,,12.0,pre_practice,1,10.138391611655791
2026,10,Belgian Grand Prix,2026-07-19,spa,Circuit de Spa-Francorchamps,max_verstappen,VER,Max Verstappen,red_bull,Red Bull,3,20.0,8.666666666666666,10.2,0.0,9.0,7.8,8.8,6.818181818181818,11.0,,,,,,,,,,,,,3.0,pre_practice,1,4.834676851840908
2026,10,Belgian Grand Prix,2026-07-19,spa,Circuit de Spa-Francorchamps,hulkenberg,HUL,Nico Hülkenberg,audi,Audi,27,22.0,18.0,15.8,0.0,0.0,12.2,1.6,12.88888888888889,9.0,,,,,,,,,,,,,13.0,pre_practice,1,12.795774837143604
2026,10,Belgian Grand Prix,2026-07-19,spa,Circuit de Spa-Francorchamps,bearman,BEA,Oliver Bearman,haas,Haas F1 Team,87,12.0,14.333333333333334,14.6,0.0,0.2,13.6,0.0,11.0,1.0,,,,,,,,,,,,,14.0,pre_practice,1,14.213055638963828
2026,10,Belgian Grand Prix,2026-07-19,spa,Circuit de Spa-Francorchamps,piastri,PIA,Oscar Piastri,mclaren,McLaren,81,11.0,6.666666666666667,7.2,0.0,6.4,6.6,7.2,7.666666666666667,3.0,,,,,,,,,,,,,5.0,pre_practice,1,7.001999617460381
2026,10,Belgian Grand Prix,2026-07-19,spa,Circuit de Spa-Francorchamps,gasly,GAS,Pierre Gasly,alpine,Alpine F1 Team,10,10.0,10.0,8.2,1.0,5.2,11.4,0.8,9.375,8.0,,,,,,,,,,,,,11.0,pre_practice,1,10.336008764755643
2026,10,Belgian Grand Prix,2026-07-19,spa,Circuit de Spa-Francorchamps,perez,PER,Sergio Pérez,cadillac,Cadillac F1 Team,11,14.0,16.333333333333332,16.2,0.0,0.0,18.2,0.0,7.818181818181818,11.0,,,,,,,,,,,,,21.0,pre_practice,1,12.913674223876809
2026,10,Belgian Grand Prix,2026-07-19,spa,Circuit de Spa-Francorchamps,bottas,BOT,Valtteri Bottas,cadillac,Cadillac F1 Team,77,16.0,19.666666666666668,19.2,0.0,0.0,17.4,0.0,8.363636363636363,11.0,,,,,,,,,,,,,18.0,pre_practice,1,13.218370224658424
2026,11,Hungarian Grand Prix,2026-07-26,hungaroring,Hungaroring,albon,ALB,Alexander Albon,williams,Williams,23,15.0,17.666666666666668,15.8,0.0,0.8,17.8,0.0,12.0,6.0,,,,,,,,,,,,,17.0,pre_practice,1,14.898994506821696
2026,11,Hungarian Grand Prix,2026-07-26,hungaroring,Hungaroring,antonelli,ANT,Andrea Kimi Antonelli,mercedes,Mercedes,12,1.0,6.333333333333333,7.2,25.0,13.0,8.2,13.6,10.0,1.0,,,,,,,,,,,,,3.0,pre_practice,1,6.771167679976605
2026,11,Hungarian Grand Prix,2026-07-26,hungaroring,Hungaroring,arvid_lindblad,LIN,Arvid Lindblad,rb,RB F1 Team,41,9.0,8.666666666666666,8.4,2.0,3.4,8.6,3.6,,0.0,,,,,,,,,,,,,10.0,pre_practice,1,10.823811705448774
2026,11,Hungarian Grand Prix,2026-07-26,hungaroring,Hungaroring,sainz,SAI,Carlos Sainz,williams,Williams,55,16.0,17.666666666666668,16.2,0.0,0.0,17.2,0.0,8.181818181818182,11.0,,,,,,,,,,,,,18.0,pre_practice,1,12.994974856270368
2026,11,Hungarian Grand Prix,2026-07-26,hungaroring,Hungaroring,leclerc,LEC,Charles Leclerc,ferrari,Ferrari,16,2.0,3.6666666666666665,8.6,18.0,9.4,3.0,16.0,9.25,8.0,,,,,,,,,,,,,4.0,pre_practice,1,5.575341671037803
2026,11,Hungarian Grand Prix,2026-07-26,hungaroring,Hungaroring,ocon,OCO,Esteban Ocon,haas,Haas F1 Team,31,17.0,15.333333333333334,13.6,0.0,0.4,15.0,0.0,12.375,8.0,,,,,,,,,,,,,16.0,pre_practice,1,14.054538173081092
2026,11,Hungarian Grand Prix,2026-07-26,hungaroring,Hungaroring,alonso,ALO,Fernando Alonso,aston_martin,Aston Martin,14,19.0,18.33333333333333,16.8,0.0,0.2,19.0,0.0,6.5,10.0,,,,,,,,,,,,,14.0,pre_practice,1,13.776560911647238
2026,11,Hungarian Grand Prix,2026-07-26,hungaroring,Hungaroring,colapinto,COL,Franco Colapinto,alpine,Alpine F1 Team,43,10.0,11.333333333333334,11.6,1.0,0.8,10.6,0.8,18.0,1.0,,,,,,,,,,,,,15.0,pre_practice,1,13.499978976559962
2026,11,Hungarian Grand Prix,2026-07-26,hungaroring,Hungaroring,bortoleto,BOR,Gabriel Bortoleto,audi,Audi,5,8.0,9.0,9.8,4.0,1.6,12.6,1.6,6.0,1.0,,,,,,,,,,,,,11.0,pre_practice,1,10.600899454360055
2026,11,Hungarian Grand Prix,2026-07-26,hungaroring,Hungaroring,russell,RUS,George Russell,mercedes,Mercedes,63,22.0,8.333333333333334,7.8,0.0,12.2,8.6,11.6,8.857142857142858,7.0,,,,,,,,,,,,,7.0,pre_practice,1,4.9009805594805975
2026,11,Hungarian Grand Prix,2026-07-26,hungaroring,Hungaroring,hadjar,HAD,Isack Hadjar,red_bull,Red Bull,6,6.0,5.666666666666667,5.4,8.0,9.2,7.2,10.2,11.0,1.0,,,,,,,,,,,,,6.0,pre_practice,1,5.845138527219466
2026,11,Hungarian Grand Prix,2026-07-26,hungaroring,Hungaroring,stroll,STR,Lance Stroll,aston_martin,Aston Martin,18,20.0,19.33333333333333,19.6,0.0,0.0,18.0,0.0,12.11111111111111,9.0,,,,,,,,,,,,,13.0,pre_practice,1,14.080209012069258
2026,11,Hungarian Grand Prix,2026-07-26,hungaroring,Hungaroring,norris,NOR,Lando Norris,mclaren,McLaren,1,7.0,6.0,8.0,6.0,7.8,6.2,8.0,7.0,7.0,,,,,,,,,,,,,1.0,pre_practice,1,6.003745897470385
2026,11,Hungarian Grand Prix,2026-07-26,hungaroring,Hungaroring,hamilton,HAM,Lewis Hamilton,ferrari,Ferrari,44,4.0,4.0,3.0,12.0,16.0,3.6,14.8,3.333333333333333,12.0,,,,,,,,,,,,,5.0,pre_practice,1,4.453595142742902
2026,11,Hungarian Grand Prix,2026-07-26,hungaroring,Hungaroring,lawson,LAW,Liam Lawson,rb,RB F1 Team,30,12.0,9.0,8.2,0.0,4.4,8.8,3.4,8.0,1.0,,,,,,,,,,,,,8.0,pre_practice,1,11.209786384154555
2026,11,Hungarian Grand Prix,2026-07-26,hungaroring,Hungaroring,max_verstappen,VER,Max Verstappen,red_bull,Red Bull,3,3.0,8.333333333333334,10.2,15.0,9.0,8.0,8.2,5.636363636363637,11.0,,,,,,,,,,,,,2.0,pre_practice,1,5.168812458261491
2026,11,Hungarian Grand Prix,2026-07-26,hungaroring,Hungaroring,hulkenberg,HUL,Nico Hülkenberg,audi,Audi,27,13.0,15.666666666666666,16.0,0.0,0.0,12.4,1.6,14.555555555555555,9.0,,,,,,,,,,,,,9.0,pre_practice,1,13.205279126519272
2026,11,Hungarian Grand Prix,2026-07-26,hungaroring,Hungaroring,bearman,BEA,Oliver Bearman,haas,Haas F1 Team,87,14.0,13.333333333333334,15.4,0.0,0.0,14.4,0.0,20.0,1.0,,,,,,,,,,,,,19.0,pre_practice,1,14.910074282902883
2026,11,Hungarian Grand Prix,2026-07-26,hungaroring,Hungaroring,piastri,PIA,Oscar Piastri,mclaren,McLaren,81,5.0,6.666666666666667,6.0,10.0,8.4,5.6,10.6,2.6666666666666665,3.0,,,,,,,,,,,,,20.0,pre_practice,1,5.163361535050139
2026,11,Hungarian Grand Prix,2026-07-26,hungaroring,Hungaroring,gasly,GAS,Pierre Gasly,alpine,Alpine F1 Team,10,11.0,11.333333333333334,8.8,0.0,4.4,11.0,0.8,13.5,8.0,,,,,,,,,,,,,12.0,pre_practice,1,11.364179651634618
2026,11,Hungarian Grand Prix,2026-07-26,hungaroring,Hungaroring,perez,PER,Sergio Pérez,cadillac,Cadillac F1 Team,11,21.0,18.666666666666668,17.0,0.0,0.0,18.2,0.0,11.0,11.0,,,,,,,,,,,,,21.0,pre_practice,1,11.961169408831003
2026,11,Hungarian Grand Prix,2026-07-26,hungaroring,Hungaroring,bottas,BOT,Valtteri Bottas,cadillac,Cadillac F1 Team,77,18.0,18.666666666666668,19.6,0.0,0.0,18.0,0.0,10.272727272727272,11.0,,,,,,,,,,,,,22.0,pre_practice,1,13.784315140352701
2026,12,Dutch Grand Prix,2026-08-23,zandvoort,Circuit Park Zandvoort,albon,ALB,Alexander Albon,williams,Williams,23,17.0,17.666666666666668,17.6,0.0,0.0,16.6,0.0,9.75,4.0,,,,,,,,,,,,,17.0,pre_practice,1,15.173288412787773
2026,12,Dutch Grand Prix,2026-08-23,zandvoort,Circuit Park Zandvoort,antonelli,ANT,Andrea Kimi Antonelli,mercedes,Mercedes,12,3.0,6.333333333333333,7.6,15.0,11.0,7.0,12.8,16.0,1.0,,,,,,,,,,,,,2.0,pre_practice,1,7.702763078807616
2026,12,Dutch Grand Prix,2026-08-23,zandvoort,Circuit Park Zandvoort,arvid_lindblad,LIN,Arvid Lindblad,rb,RB F1 Team,41,10.0,8.666666666666666,9.0,1.0,2.4,9.0,3.0,,0.0,,,,,,,,,,,,,12.0,pre_practice,1,12.18083642316637
2026,12,Dutch Grand Prix,2026-08-23,zandvoort,Circuit Park Zandvoort,sainz,SAI,Carlos Sainz,williams,Williams,55,18.0,17.0,16.6,0.0,0.0,16.6,0.0,7.6,5.0,,,,,,,,,,,,,16.0,pre_practice,1,12.597557586950327
2026,12,Dutch Grand Prix,2026-08-23,zandvoort,Circuit Park Zandvoort,leclerc,LEC,Charles Leclerc,ferrari,Ferrari,16,4.0,2.333333333333333,6.0,12.0,11.8,3.8,12.8,9.8,5.0,,,,,,,,,,,,,5.0,pre_practice,1,5.691023603358052
2026,12,Dutch Grand Prix,2026-08-23,zandvoort,Circuit Park Zandvoort,ocon,OCO,Esteban Ocon,haas,Haas F1 Team,31,16.0,15.333333333333334,15.0,0.0,0.0,17.4,0.0,10.6,5.0,,,,,,,,,,,,,19.0,pre_practice,1,15.411145026517898
2026,12,Dutch Grand Prix,2026-08-23,zandvoort,Circuit Park Zandvoort,alonso,ALO,Fernando Alonso,aston_martin,Aston Martin,14,14.0,17.0,17.6,0.0,0.0,17.0,0.0,6.4,5.0,,,,,,,,,,,,,9.0,pre_practice,1,13.365356501275038
2026,12,Dutch Grand Prix,2026-08-23,zandvoort,Circuit Park Zandvoort,colapinto,COL,Franco Colapinto,alpine,Alpine F1 Team,43,15.0,11.333333333333334,11.8,0.0,0.8,11.6,0.4,11.0,1.0,,,,,,,,,,,,,14.0,pre_practice,1,13.18663284395724
2026,12,Dutch Grand Prix,2026-08-23,zandvoort,Circuit Park Zandvoort,bortoleto,BOR,Gabriel Bortoleto,audi,Audi,5,11.0,9.0,9.8,0.0,1.6,12.6,1.2,15.0,1.0,,,,,,,,,,,,,13.0,pre_practice,1,12.57681105499419
2026,12,Dutch Grand Prix,2026-08-23,zandvoort,Circuit Park Zandvoort,russell,RUS,George Russell,mercedes,Mercedes,63,7.0,10.333333333333334,6.8,6.0,13.4,7.0,12.8,9.4,5.0,,,,,,,,,,,,,3.0,pre_practice,1,4.332803367375629
2026,12,Dutch Grand Prix,2026-08-23,zandvoort,Circuit Park Zandvoort,stroll,STR,Lance Stroll,aston_martin,Aston Martin,18,13.0,17.333333333333332,18.6,0.0,0.0,15.0,0.4,10.6,5.0,,,,,,,,,,,,,20.0,pre_practice,1,13.834818476132913
2026,12,Dutch Grand Prix,2026-08-23,zandvoort,Circuit Park Zandvoort,norris,NOR,Lando Norris,mclaren,McLaren,1,1.0,4.0,4.4,25.0,12.8,8.8,8.2,8.6,5.0,,,,,,,,,,,,,1.0,pre_practice,1,5.2705640301662635
2026,12,Dutch Grand Prix,2026-08-23,zandvoort,Circuit Park Zandvoort,hamilton,HAM,Lewis Hamilton,ferrari,Ferrari,44,5.0,4.0,3.6,10.0,14.4,3.2,15.4,8.0,5.0,,,,,,,,,,,,,4.0,pre_practice,1,4.314211354634698
2026,12,Dutch Grand Prix,2026-08-23,zandvoort,Circuit Park Zandvoort,lawson,LAW,Liam Lawson,red_bull,Red Bull,30,8.0,8.666666666666666,8.6,4.0,3.6,7.4,9.8,12.5,2.0,,,,,,,,,,,,,7.0,pre_practice,1,9.564496225151254
2026,12,Dutch Grand Prix,2026-08-23,zandvoort,Circuit Park Zandvoort,max_verstappen,VER,Max Verstappen,red_bull,Red Bull,3,2.0,8.333333333333334,6.2,18.0,12.6,4.8,11.0,1.4,5.0,,,,,,,,,,,,,22.0,pre_practice,1,3.97549884903584
2026,12,Dutch Grand Prix,2026-08-23,zandvoort,Circuit Park Zandvoort,hulkenberg,HUL,Nico Hülkenberg,audi,Audi,27,9.0,14.666666666666666,15.2,2.0,0.4,10.8,1.2,12.333333333333334,3.0,,,,,,,,,,,,,8.0,pre_practice,1,12.533502740966112
2026,12,Dutch Grand Prix,2026-08-23,zandvoort,Circuit Park Zandvoort,bearman,BEA,Oliver Bearman,haas,Haas F1 Team,87,19.0,15.0,15.2,0.0,0.0,15.8,0.0,6.0,1.0,,,,,,,,,,,,,21.0,pre_practice,1,14.762195976263177
2026,12,Dutch Grand Prix,2026-08-23,zandvoort,Circuit Park Zandvoort,piastri,PIA,Oscar Piastri,mclaren,McLaren,81,20.0,12.0,9.0,0.0,6.4,6.8,13.2,4.666666666666667,3.0,,,,,,,,,,,,,6.0,pre_practice,1,6.283773809787237
2026,12,Dutch Grand Prix,2026-08-23,zandvoort,Circuit Park Zandvoort,gasly,GAS,Pierre Gasly,alpine,Alpine F1 Team,10,12.0,11.0,10.6,0.0,1.4,12.4,0.2,8.8,5.0,,,,,,,,,,,,,10.0,pre_practice,1,12.28089778757335
2026,12,Dutch Grand Prix,2026-08-23,zandvoort,Circuit Park Zandvoort,perez,PER,Sergio Pérez,cadillac,Cadillac F1 Team,11,21.0,18.666666666666668,18.2,0.0,0.0,20.0,0.0,5.75,4.0,,,,,,,,,,,,,15.0,pre_practice,1,11.673694381005486
2026,12,Dutch Grand Prix,2026-08-23,zandvoort,Circuit Park Zandvoort,bottas,BOT,Valtteri Bottas,cadillac,Cadillac F1 Team,77,22.0,18.666666666666668,19.8,0.0,0.0,19.2,0.0,13.75,4.0,,,,,,,,,,,,,18.0,pre_practice,1,14.494513933219528
2026,12,Dutch Grand Prix,2026-08-23,zandvoort,Circuit Park Zandvoort,tsunoda,TSU,Yuki Tsunoda,rb,RB F1 Team,22,14.0,12.0,12.8,0.0,0.2,10.2,1.4,16.0,5.0,,,,,,,,,,,,,11.0,pre_practice,1,14.364466891755592
