season,round,race_name,race_date,circuit_id,circuit_name,driver_id,driver_code,driver_name,team_id,team_name,number,driver_previous_finish,driver_avg_finish_last_3,driver_avg_finish_last_5,driver_previous_points,driver_avg_points_last_5,team_avg_finish_last_5,team_avg_points_last_5,driver_circuit_avg_finish,driver_circuit_races,fp1_position,fp2_position,fp3_position,practice_avg_position,practice_best_position,practice_sessions_available,practice_available,qualifying_position,q1,q2,q3,qualifying_available,grid_position,finish_position,stage_name,stage_available,predicted_finish
2026,1,Australian Grand Prix,2026-03-08,albert_park,Albert Park Grand Prix Circuit,albon,ALB,Alexander Albon,williams,Williams,23,16.0,14.333333333333334,13.2,0.0,0.0,9.6,5.0,11.8,5.0,15.0,15.0,17.0,15.666666666666666,15.0,3,1,15.0,1:21.051,1:20.941,,1,15.0,12.0,qualifying,1,13.19857413454235
2026,1,Australian Grand Prix,2026-03-08,albert_park,Albert Park Grand Prix Circuit,antonelli,ANT,Andrea Kimi Antonelli,mercedes,Mercedes,12,15.0,7.666666666666667,6.2,0.0,10.2,6.6,9.2,4.0,1.0,8.0,2.0,7.0,5.666666666666667,2.0,3,1,2.0,1:20.120,1:19.435,1:18.811,1,2.0,2.0,qualifying,1,3.2215537182023586
2026,1,Australian Grand Prix,2026-03-08,albert_park,Albert Park Grand Prix Circuit,arvid_lindblad,LIN,Arvid Lindblad,rb,RB F1 Team,41,,,,,,15.2,0.4,,0.0,5.0,8.0,11.0,8.0,5.0,3,1,9.0,1:20.409,1:19.971,1:21.247,1,9.0,8.0,qualifying,1,11.075823979445966
2026,1,Australian Grand Prix,2026-03-08,albert_park,Albert Park Grand Prix Circuit,sainz,SAI,Carlos Sainz,williams,Williams,55,13.0,7.0,10.2,0.0,5.0,11.0,3.0,11.88888888888889,9.0,12.0,17.0,21.0,16.666666666666668,12.0,3,1,,,,,0,21.0,15.0,qualifying,0,12.393589184330235
2026,1,Australian Grand Prix,2026-03-08,albert_park,Albert Park Grand Prix Circuit,leclerc,LEC,Charles Leclerc,ferrari,Ferrari,16,4.0,5.333333333333333,7.4,12.0,9.2,7.2,6.4,8.166666666666666,6.0,1.0,5.0,3.0,3.0,1.0,3,1,4.0,1:20.226,1:19.357,1:19.327,1,4.0,3.0,qualifying,1,4.7075650855252436
2026,1,Australian Grand Prix,2026-03-08,albert_park,Albert Park Grand Prix Circuit,ocon,OCO,Esteban Ocon,haas,Haas F1 Team,31,7.0,10.333333333333334,10.4,6.0,2.0,12.0,2.4,12.0,6.0,11.0,10.0,13.0,11.333333333333334,10.0,3,1,13.0,1:20.759,1:20.491,,1,13.0,11.0,qualifying,1,12.676642345000788
2026,1,Australian Grand Prix,2026-03-08,albert_park,Albert Park Grand Prix Circuit,alonso,ALO,Fernando Alonso,aston_martin,Aston Martin,14,6.0,8.0,11.2,8.0,2.8,11.6,3.0,11.125,8.0,,20.0,18.0,19.0,18.0,2,1,17.0,1:21.969,,,1,17.0,18.0,qualifying,1,15.192565390615618
2026,1,Australian Grand Prix,2026-03-08,albert_park,Albert Park Grand Prix Circuit,colapinto,COL,Franco Colapinto,alpine,Alpine F1 Team,43,20.0,16.333333333333332,16.0,0.0,0.0,16.4,0.0,,0.0,16.0,18.0,16.0,16.666666666666668,16.0,3,1,16.0,1:21.200,1:21.270,,1,16.0,14.0,qualifying,1,15.484841384581957
2026,1,Australian Grand Prix,2026-03-08,albert_park,Albert Park Grand Prix Circuit,bortoleto,BOR,Gabriel Bortoleto,audi,Audi,5,11.0,13.666666666666666,14.2,0.0,0.2,,,16.0,1.0,9.0,14.0,9.0,10.666666666666666,9.0,3,1,10.0,1:20.495,1:20.221,,1,10.0,9.0,qualifying,1,11.985930114280812
2026,1,Australian Grand Prix,2026-03-08,albert_park,Albert Park Grand Prix Circuit,russell,RUS,George Russell,mercedes,Mercedes,63,5.0,4.333333333333333,4.8,10.0,10.8,6.6,9.2,11.4,5.0,7.0,3.0,1.0,3.6666666666666665,1.0,3,1,1.0,1:19.507,1:18.934,1:18.518,1,1.0,1.0,qualifying,1,3.158149544039304
2026,1,Australian Grand Prix,2026-03-08,albert_park,Albert Park Grand Prix Circuit,hadjar,HAD,Isack Hadjar,red_bull,Red Bull,6,17.0,13.666666666666666,12.4,0.0,2.4,7.6,10.2,20.0,1.0,4.0,9.0,5.0,6.0,4.0,3,1,3.0,1:20.023,1:19.653,1:19.303,1,3.0,20.0,qualifying,1,6.077788350719377
2026,1,Australian Grand Prix,2026-03-08,albert_park,Albert Park Grand Prix Circuit,stroll,STR,Lance Stroll,aston_martin,Aston Martin,18,10.0,15.0,15.0,1.0,0.2,11.6,3.0,9.571428571428571,7.0,21.0,21.0,,21.0,21.0,2,1,,,,,0,22.0,17.0,qualifying,0,14.17315265508634
2026,1,Australian Grand Prix,2026-03-08,albert_park,Albert Park Grand Prix Circuit,norris,NOR,Lando Norris,mclaren,McLaren,1,3.0,8.666666666666666,5.6,15.0,15.4,6.2,12.6,5.4,5.0,19.0,7.0,8.0,11.333333333333334,7.0,3,1,6.0,1:20.010,1:19.882,1:19.475,1,6.0,5.0,qualifying,1,4.953003607700349
2026,1,Australian Grand Prix,2026-03-08,albert_park,Albert Park Grand Prix Circuit,hamilton,HAM,Lewis Hamilton,ferrari,Ferrari,44,8.0,9.333333333333334,10.8,4.0,2.4,7.2,6.4,6.2,10.0,2.0,4.0,2.0,2.6666666666666665,2.0,3,1,7.0,1:19.811,1:19.921,1:19.478,1,7.0,4.0,qualifying,1,6.834272970979817
2026,1,Australian Grand Prix,2026-03-08,albert_park,Albert Park Grand Prix Circuit,lawson,LAW,Liam Lawson,rb,RB F1 Team,30,18.0,13.666666666666666,13.6,0.0,1.6,14.0,1.2,15.0,1.0,13.0,13.0,12.0,12.666666666666666,12.0,3,1,8.0,1:20.491,1:20.144,1:19.994,1,8.0,13.0,qualifying,1,10.75893638803159
2026,1,Australian Grand Prix,2026-03-08,albert_park,Albert Park Grand Prix Circuit,max_verstappen,VER,Max Verstappen,red_bull,Red Bull,3,1.0,1.0,1.8,25.0,21.0,9.2,10.2,8.555555555555555,9.0,3.0,6.0,6.0,5.0,3.0,3,1,,,,,0,20.0,6.0,qualifying,0,7.463121396570301
2026,1,Australian Grand Prix,2026-03-08,albert_park,Albert Park Grand Prix Circuit,hulkenberg,HUL,Nico Hülkenberg,audi,Audi,27,9.0,12.0,12.8,2.0,2.0,9.0,2.0,7.555555555555555,9.0,10.0,12.0,14.0,12.0,10.0,3,1,11.0,1:21.024,1:20.303,,1,11.0,22.0,qualifying,1,11.727862858473499
2026,1,Australian Grand Prix,2026-03-08,albert_park,Albert Park Grand Prix Circuit,bearman,BEA,Oliver Bearman,haas,Haas F1 Team,87,12.0,13.666666666666666,10.2,0.0,4.2,12.4,1.6,14.0,1.0,14.0,11.0,10.0,11.666666666666666,10.0,3,1,12.0,1:21.247,1:20.311,,1,12.0,7.0,qualifying,1,10.822524560152962
2026,1,Australian Grand Prix,2026-03-08,albert_park,Albert Park Grand Prix Circuit,piastri,PIA,Oscar Piastri,mclaren,McLaren,81,2.0,8.0,6.8,18.0,11.2,3.2,14.6,7.0,3.0,6.0,1.0,4.0,3.6666666666666665,1.0,3,1,5.0,1:19.664,1:19.525,1:19.380,1,5.0,21.0,qualifying,1,5.20776746766232
2026,1,Australian Grand Prix,2026-03-08,albert_park,Albert Park Grand Prix Circuit,gasly,GAS,Pierre Gasly,alpine,Alpine F1 Team,10,19.0,16.0,14.6,0.0,0.2,16.6,0.0,12.5,6.0,18.0,16.0,15.0,16.333333333333332,15.0,3,1,14.0,1:21.138,1:20.501,,1,14.0,10.0,qualifying,1,15.212261585623885
2026,1,Australian Grand Prix,2026-03-08,albert_park,Albert Park Grand Prix Circuit,perez,PER,Sergio Pérez,cadillac,Cadillac F1 Team,11,20.0,15.666666666666666,15.0,0.0,0.2,19.0,0.0,8.444444444444445,9.0,20.0,22.0,20.0,20.666666666666668,20.0,3,1,18.0,1:22.605,,,1,18.0,16.0,qualifying,1,15.457043163289905
2026,1,Australian Grand Prix,2026-03-08,albert_park,Albert Park Grand Prix Circuit,bottas,BOT,Valtteri Bottas,cadillac,Cadillac F1 Team,77,18.0,15.666666666666666,14.8,0.0,0.0,,,8.444444444444445,9.0,17.0,19.0,19.0,18.33333333333333,17.0,3,1,19.0,1:23.244,,,1,19.0,19.0,qualifying,1,15.232796449972392
2026,2,Chinese Grand Prix,2026-03-15,shanghai,Shanghai International Circuit,albon,ALB,Alexander Albon,williams,Williams,23,12.0,13.0,13.2,0.0,0.0,11.8,3.0,9.666666666666666,3.0,16.0,,,16.0,16.0,1,1,18.0,1:34.772,,,1,22.0,22.0,qualifying,1,14.43033996563997
2026,2,Chinese Grand Prix,2026-03-15,shanghai,Shanghai International Circuit,antonelli,ANT,Andrea Kimi Antonelli,mercedes,Mercedes,12,2.0,7.333333333333333,5.4,18.0,12.2,5.8,12.2,6.0,1.0,2.0,,,2.0,2.0,1,1,1.0,1:33.305,1:32.443,1:32.064,1,1.0,1.0,qualifying,1,3.5851491460994285
2026,2,Chinese Grand Prix,2026-03-15,shanghai,Shanghai International Circuit,arvid_lindblad,LIN,Arvid Lindblad,rb,RB F1 Team,41,8.0,8.0,8.0,4.0,4.0,13.0,1.2,,0.0,21.0,,,21.0,21.0,1,1,15.0,1:33.906,1:33.784,,1,15.0,12.0,qualifying,1,14.069646908009474
2026,2,Chinese Grand Prix,2026-03-15,shanghai,Shanghai International Circuit,sainz,SAI,Carlos Sainz,williams,Williams,55,15.0,10.333333333333334,9.8,0.0,5.0,15.6,0.0,9.571428571428571,7.0,17.0,,,17.0,17.0,1,1,17.0,1:34.317,,,1,17.0,9.0,qualifying,1,14.594332799370841
2026,2,Chinese Grand Prix,2026-03-15,shanghai,Shanghai International Circuit,leclerc,LEC,Charles Leclerc,ferrari,Ferrari,16,3.0,5.0,7.6,15.0,8.6,4.4,11.6,11.5,4.0,5.0,,,5.0,5.0,1,1,4.0,1:33.175,1:32.486,1:32.428,1,4.0,4.0,qualifying,1,5.367268193029824
2026,2,Chinese Grand Prix,2026-03-15,shanghai,Shanghai International Circuit,ocon,OCO,Esteban Ocon,haas,Haas F1 Team,31,11.0,11.0,10.8,0.0,1.6,8.4,4.4,9.25,4.0,14.0,,,14.0,14.0,1,1,13.0,1:33.974,1:33.538,,1,13.0,14.0,qualifying,1,12.912718602047972
2026,2,Chinese Grand Prix,2026-03-15,shanghai,Shanghai International Circuit,alonso,ALO,Fernando Alonso,aston_martin,Aston Martin,14,18.0,10.333333333333334,11.2,0.0,2.8,13.6,1.8,10.571428571428571,7.0,18.0,,,18.0,18.0,1,1,19.0,1:35.203,,,1,18.0,17.0,qualifying,1,14.728199109727385
2026,2,Chinese Grand Prix,2026-03-15,shanghai,Shanghai International Circuit,colapinto,COL,Franco Colapinto,alpine,Alpine F1 Team,43,14.0,16.0,15.6,0.0,0.0,15.8,0.2,,0.0,15.0,,,15.0,15.0,1,1,12.0,1:33.634,1:33.357,,1,12.0,10.0,qualifying,1,13.458540322357424
2026,2,Chinese Grand Prix,2026-03-15,shanghai,Shanghai International Circuit,bortoleto,BOR,Gabriel Bortoleto,audi,Audi,5,9.0,11.0,14.0,2.0,0.4,15.5,1.0,14.0,1.0,12.0,,,12.0,12.0,1,1,16.0,1:33.549,1:33.965,,1,16.0,21.0,qualifying,1,13.986980544000327
2026,2,Chinese Grand Prix,2026-03-15,shanghai,Shanghai International Circuit,russell,RUS,George Russell,mercedes,Mercedes,63,1.0,4.0,3.6,25.0,14.6,4.8,15.6,8.333333333333334,3.0,1.0,,,1.0,1.0,1,1,2.0,1:33.262,1:32.523,1:32.286,1,2.0,2.0,qualifying,1,3.314309090672313
2026,2,Chinese Grand Prix,2026-03-15,shanghai,Shanghai International Circuit,hadjar,HAD,Isack Hadjar,red_bull,Red Bull,6,20.0,18.33333333333333,13.8,0.0,2.4,10.2,6.8,11.0,1.0,13.0,,,13.0,13.0,1,1,9.0,1:33.632,1:33.352,1:33.121,1,9.0,8.0,qualifying,1,10.563015529069729
2026,2,Chinese Grand Prix,2026-03-15,shanghai,Shanghai International Circuit,stroll,STR,Lance Stroll,aston_martin,Aston Martin,18,17.0,14.666666666666666,15.6,0.0,0.2,13.6,1.8,14.0,5.0,20.0,,,20.0,20.0,1,1,21.0,1:35.995,,,1,20.0,18.0,qualifying,1,15.163445387871148
2026,2,Chinese Grand Prix,2026-03-15,shanghai,Shanghai International Circuit,norris,NOR,Lando Norris,mclaren,McLaren,1,5.0,4.0,6.4,10.0,12.4,6.6,12.2,7.333333333333333,3.0,3.0,,,3.0,3.0,1,1,6.0,1:33.535,1:32.910,1:32.608,1,6.0,20.0,qualifying,1,4.865182283648001
2026,2,Chinese Grand Prix,2026-03-15,shanghai,Shanghai International Circuit,hamilton,HAM,Lewis Hamilton,ferrari,Ferrari,44,4.0,8.0,10.0,12.0,4.0,5.4,9.4,5.375,8.0,6.0,,,6.0,6.0,1,1,3.0,1:33.522,1:32.567,1:32.415,1,3.0,3.0,qualifying,1,4.990649102090295
2026,2,Chinese Grand Prix,2026-03-15,shanghai,Shanghai International Circuit,lawson,LAW,Liam Lawson,rb,RB F1 Team,30,13.0,13.333333333333334,12.2,0.0,1.6,13.6,0.8,12.0,1.0,11.0,,,11.0,11.0,1,1,14.0,1:34.139,1:33.765,,1,14.0,7.0,qualifying,1,14.017639266524874
2026,2,Chinese Grand Prix,2026-03-15,shanghai,Shanghai International Circuit,max_verstappen,VER,Max Verstappen,red_bull,Red Bull,3,6.0,2.6666666666666665,2.4,8.0,19.6,9.8,7.4,6.0,7.0,8.0,,,8.0,8.0,1,1,8.0,1:33.417,1:33.098,1:33.002,1,8.0,16.0,qualifying,1,7.519580966338906
2026,2,Chinese Grand Prix,2026-03-15,shanghai,Shanghai International Circuit,hulkenberg,HUL,Nico Hülkenberg,audi,Audi,27,22.0,17.0,13.4,0.0,2.0,17.333333333333332,0.6666666666666666,13.0,8.0,9.0,,,9.0,9.0,1,1,11.0,1:34.116,1:33.354,,1,11.0,11.0,qualifying,1,12.463453362886504
2026,2,Chinese Grand Prix,2026-03-15,shanghai,Shanghai International Circuit,bearman,BEA,Oliver Bearman,haas,Haas F1 Team,87,7.0,12.666666666666666,10.8,6.0,3.0,10.4,2.4,8.0,1.0,7.0,,,7.0,7.0,1,1,10.0,1:33.687,1:33.197,1:33.292,1,10.0,5.0,qualifying,1,12.1232274972357
2026,2,Chinese Grand Prix,2026-03-15,shanghai,Shanghai International Circuit,piastri,PIA,Oscar Piastri,mclaren,McLaren,81,21.0,8.333333333333334,10.0,0.0,9.2,10.2,8.6,4.5,2.0,4.0,,,4.0,4.0,1,1,5.0,1:33.590,1:33.130,1:32.550,1,5.0,19.0,qualifying,1,6.498578085736424
2026,2,Chinese Grand Prix,2026-03-15,shanghai,Shanghai International Circuit,gasly,GAS,Pierre Gasly,alpine,Alpine F1 Team,10,10.0,15.0,13.6,1.0,0.4,14.6,0.4,14.25,4.0,10.0,,,10.0,10.0,1,1,7.0,1:33.788,1:33.003,1:32.873,1,7.0,6.0,qualifying,1,9.76281083878053
2026,2,Chinese Grand Prix,2026-03-15,shanghai,Shanghai International Circuit,perez,PER,Sergio Pérez,cadillac,Cadillac F1 Team,11,16.0,17.666666666666668,14.8,0.0,0.2,16.0,0.0,9.0,7.0,22.0,,,22.0,22.0,1,1,22.0,1:36.906,,,1,21.0,15.0,qualifying,1,14.416787402333197
2026,2,Chinese Grand Prix,2026-03-15,shanghai,Shanghai International Circuit,bottas,BOT,Valtteri Bottas,cadillac,Cadillac F1 Team,77,19.0,16.0,15.8,0.0,0.0,17.5,0.0,7.571428571428571,7.0,19.0,,,19.0,19.0,1,1,20.0,1:35.436,,,1,19.0,13.0,qualifying,1,16.204976335250755
2026,3,Japanese Grand Prix,2026-03-29,suzuka,Suzuka Circuit,albon,ALB,Alexander Albon,williams,Williams,23,22.0,16.666666666666668,15.4,0.0,0.0,14.2,0.4,13.8,5.0,18.0,8.0,16.0,14.0,8.0,3,1,17.0,1:31.088,,,1,17.0,20.0,qualifying,1,14.79161591313457
2026,3,Japanese Grand Prix,2026-03-29,suzuka,Suzuka Circuit,antonelli,ANT,Andrea Kimi Antonelli,mercedes,Mercedes,12,1.0,6.0,5.2,25.0,13.6,2.2,19.2,6.0,1.0,2.0,2.0,1.0,1.6666666666666667,1.0,3,1,1.0,1:30.035,1:29.048,1:28.778,1,1.0,1.0,qualifying,1,1.941376881659017
2026,3,Japanese Grand Prix,2026-03-29,suzuka,Suzuka Circuit,arvid_lindblad,LIN,Arvid Lindblad,rb,RB F1 Team,41,12.0,10.0,10.0,0.0,2.0,11.6,2.0,,0.0,10.0,22.0,13.0,15.0,10.0,3,1,10.0,1:30.781,1:30.109,1:30.319,1,10.0,14.0,qualifying,1,12.551534657918685
2026,3,Japanese Grand Prix,2026-03-29,suzuka,Suzuka Circuit,sainz,SAI,Carlos Sainz,williams,Williams,55,9.0,12.333333333333334,9.0,2.0,5.4,15.6,0.4,11.555555555555555,9.0,17.0,13.0,18.0,16.0,13.0,3,1,16.0,1:30.927,1:31.033,,1,16.0,15.0,qualifying,1,13.900849236585184
2026,3,Japanese Grand Prix,2026-03-29,suzuka,Suzuka Circuit,leclerc,LEC,Charles Leclerc,ferrari,Ferrari,16,4.0,3.6666666666666665,4.6,12.0,11.0,4.0,12.4,6.5,6.0,5.0,5.0,3.0,4.333333333333333,3.0,3,1,4.0,1:29.915,1:29.303,1:29.405,1,4.0,3.0,qualifying,1,4.6932055551386505
2026,3,Japanese Grand Prix,2026-03-29,suzuka,Suzuka Circuit,ocon,OCO,Esteban Ocon,haas,Haas F1 Team,31,14.0,10.666666666666666,11.2,0.0,1.6,11.8,3.2,11.714285714285714,7.0,9.0,11.0,14.0,11.333333333333334,9.0,3,1,12.0,1:30.915,1:30.309,,1,12.0,10.0,qualifying,1,11.903508700715278
2026,3,Japanese Grand Prix,2026-03-29,suzuka,Suzuka Circuit,alonso,ALO,Fernando Alonso,aston_martin,Aston Martin,14,17.0,13.666666666666666,11.8,0.0,2.8,16.0,0.2,11.77777777777778,9.0,,19.0,22.0,20.5,19.0,2,1,21.0,1:32.646,,,1,21.0,18.0,qualifying,1,15.706273866026045
2026,3,Japanese Grand Prix,2026-03-29,suzuka,Suzuka Circuit,colapinto,COL,Franco Colapinto,alpine,Alpine F1 Team,43,10.0,14.666666666666666,14.6,1.0,0.2,11.8,2.0,,0.0,16.0,17.0,17.0,16.666666666666668,16.0,3,1,15.0,1:30.931,1:30.627,,1,15.0,16.0,qualifying,1,14.243054858126378
2026,3,Japanese Grand Prix,2026-03-29,suzuka,Suzuka Circuit,bortoleto,BOR,Gabriel Bortoleto,audi,Audi,5,21.0,13.666666666666666,14.2,0.0,0.4,15.75,0.5,19.0,1.0,11.0,16.0,9.0,12.0,9.0,3,1,9.0,1:30.359,1:29.990,1:30.274,1,9.0,13.0,qualifying,1,11.629530192544358
2026,3,Japanese Grand Prix,2026-03-29,suzuka,Suzuka Circuit,russell,RUS,George Russell,mercedes,Mercedes,63,2.0,2.6666666666666665,3.2,18.0,15.8,1.4,22.2,8.6,5.0,1.0,3.0,2.0,2.0,1.0,3,1,2.0,1:29.967,1:29.686,1:29.076,1,2.0,4.0,qualifying,1,2.4937539896617653
2026,3,Japanese Grand Prix,2026-03-29,suzuka,Suzuka Circuit,hadjar,HAD,Isack Hadjar,red_bull,Red Bull,6,8.0,15.0,13.8,4.0,2.4,12.8,2.4,8.0,1.0,13.0,15.0,11.0,13.0,11.0,3,1,8.0,1:30.662,1:30.104,1:29.978,1,8.0,12.0,qualifying,1,10.413726946440605
2026,3,Japanese Grand Prix,2026-03-29,suzuka,Suzuka Circuit,stroll,STR,Lance Stroll,aston_martin,Aston Martin,18,18.0,15.0,16.0,0.0,0.2,17.6,0.0,14.857142857142858,7.0,21.0,21.0,21.0,21.0,21.0,3,1,22.0,1:32.920,,,1,22.0,21.0,qualifying,1,16.730390927920308
2026,3,Japanese Grand Prix,2026-03-29,suzuka,Suzuka Circuit,norris,NOR,Lando Norris,mclaren,McLaren,1,20.0,9.333333333333334,10.2,0.0,7.4,13.4,5.6,6.0,5.0,3.0,4.0,6.0,4.333333333333333,3.0,3,1,5.0,1:30.401,1:29.795,1:29.409,1,5.0,5.0,qualifying,1,5.737651216021119
2026,3,Japanese Grand Prix,2026-03-29,suzuka,Suzuka Circuit,hamilton,HAM,Lewis Hamilton,ferrari,Ferrari,44,3.0,5.0,7.0,15.0,7.0,3.6,13.2,3.6,10.0,6.0,6.0,5.0,5.666666666666667,5.0,3,1,6.0,1:30.309,1:29.589,1:29.567,1,6.0,6.0,qualifying,1,6.110657160133542
2026,3,Japanese Grand Prix,2026-03-29,suzuka,Suzuka Circuit,lawson,LAW,Liam Lawson,rb,RB F1 Team,30,7.0,12.666666666666666,12.2,6.0,1.6,10.8,2.0,14.0,2.0,8.0,12.0,12.0,10.666666666666666,8.0,3,1,14.0,1:30.657,1:30.495,,1,14.0,9.0,qualifying,1,13.841465394246603
2026,3,Japanese Grand Prix,2026-03-29,suzuka,Suzuka Circuit,max_verstappen,VER,Max Verstappen,red_bull,Red Bull,3,16.0,7.666666666666667,5.0,0.0,16.6,12.4,2.4,4.222222222222222,9.0,7.0,10.0,8.0,8.333333333333334,7.0,3,1,11.0,1:30.519,1:30.262,,1,11.0,8.0,qualifying,1,9.947572867617128
2026,3,Japanese Grand Prix,2026-03-29,suzuka,Suzuka Circuit,hulkenberg,HUL,Nico Hülkenberg,audi,Audi,27,11.0,14.0,13.8,0.0,1.6,15.2,0.4,13.22222222222222,9.0,12.0,7.0,7.0,8.666666666666666,7.0,3,1,13.0,1:30.358,1:30.387,,1,13.0,11.0,qualifying,1,13.94075279042422
2026,3,Japanese Grand Prix,2026-03-29,suzuka,Suzuka Circuit,bearman,BEA,Oliver Bearman,haas,Haas F1 Team,87,5.0,8.0,10.6,10.0,3.4,8.8,4.4,10.0,1.0,14.0,9.0,15.0,12.666666666666666,9.0,3,1,18.0,1:31.090,,,1,18.0,22.0,qualifying,1,11.353875198792256
2026,3,Japanese Grand Prix,2026-03-29,suzuka,Suzuka Circuit,piastri,PIA,Oscar Piastri,mclaren,McLaren,81,19.0,14.0,12.8,0.0,7.2,14.0,4.0,4.666666666666667,3.0,4.0,1.0,4.0,3.0,1.0,3,1,3.0,1:30.200,1:29.451,1:29.132,1,3.0,2.0,qualifying,1,4.630600458209457
2026,3,Japanese Grand Prix,2026-03-29,suzuka,Suzuka Circuit,gasly,GAS,Pierre Gasly,alpine,Alpine F1 Team,10,6.0,11.666666666666666,12.8,8.0,1.8,11.2,2.0,12.571428571428571,7.0,15.0,14.0,10.0,13.0,10.0,3,1,7.0,1:30.584,1:29.874,1:29.691,1,7.0,7.0,qualifying,1,9.485282546610891
2026,3,Japanese Grand Prix,2026-03-29,suzuka,Suzuka Circuit,perez,PER,Sergio Pérez,cadillac,Cadillac F1 Team,11,15.0,17.0,15.6,0.0,0.2,16.4,0.0,8.222222222222221,9.0,19.0,20.0,20.0,19.666666666666668,19.0,3,1,19.0,1:32.206,,,1,19.0,17.0,qualifying,1,15.51797566517909
2026,3,Japanese Grand Prix,2026-03-29,suzuka,Suzuka Circuit,bottas,BOT,Valtteri Bottas,cadillac,Cadillac F1 Team,77,13.0,16.666666666666668,15.8,0.0,0.0,15.75,0.0,8.555555555555555,9.0,20.0,18.0,19.0,19.0,18.0,3,1,20.0,1:32.330,,,1,20.0,19.0,qualifying,1,15.789379886108016
2026,4,Miami Grand Prix,2026-05-03,miami,Miami International Autodrome,albon,ALB,Alexander Albon,williams,Williams,23,20.0,18.0,16.2,0.0,0.0,16.2,0.4,11.5,4.0,12.0,,,12.0,12.0,1,1,15.0,1:29.720,1:29.946,,1,15.0,10.0,qualifying,1,14.20898264882379
2026,4,Miami Grand Prix,2026-05-03,miami,Miami International Autodrome,antonelli,ANT,Andrea Kimi Antonelli,mercedes,Mercedes,12,1.0,1.3333333333333333,4.8,25.0,15.6,1.8,21.0,6.0,1.0,5.0,,,5.0,5.0,1,1,1.0,1:28.653,1:28.289,1:27.798,1,1.0,1.0,qualifying,1,2.7265545077269526
2026,4,Miami Grand Prix,2026-05-03,miami,Miami International Autodrome,arvid_lindblad,LIN,Arvid Lindblad,rb,RB F1 Team,41,14.0,11.333333333333334,11.333333333333334,0.0,1.3333333333333333,11.0,1.6,,0.0,21.0,,,21.0,21.0,1,1,16.0,1:30.133,,,1,16.0,14.0,qualifying,1,14.288053023147379
2026,4,Miami Grand Prix,2026-05-03,miami,Miami International Autodrome,sainz,SAI,Carlos Sainz,williams,Williams,55,15.0,13.0,11.0,0.0,3.4,15.2,0.6,5.5,4.0,10.0,,,10.0,10.0,1,1,13.0,1:29.540,1:29.568,,1,13.0,9.0,qualifying,1,12.975935718283498
2026,4,Miami Grand Prix,2026-05-03,miami,Miami International Autodrome,leclerc,LEC,Charles Leclerc,ferrari,Ferrari,16,3.0,3.333333333333333,4.4,15.0,11.6,4.4,11.6,4.75,4.0,1.0,,,1.0,1.0,1,1,3.0,1:28.938,1:28.315,1:28.143,1,3.0,8.0,qualifying,1,4.534923442687618
2026,4,Miami Grand Prix,2026-05-03,miami,Miami International Autodrome,ocon,OCO,Esteban Ocon,haas,Haas F1 Team,31,10.0,11.666666666666666,11.4,1.0,1.4,12.4,2.2,9.75,4.0,16.0,,,16.0,16.0,1,1,14.0,1:29.838,1:29.772,,1,14.0,13.0,qualifying,1,14.402080083126618
2026,4,Miami Grand Prix,2026-05-03,miami,Miami International Autodrome,alonso,ALO,Fernando Alonso,aston_martin,Aston Martin,14,18.0,17.666666666666668,13.2,0.0,2.8,18.2,0.0,9.5,4.0,19.0,,,19.0,19.0,1,1,17.0,1:31.098,,,1,17.0,15.0,qualifying,1,15.30804816018345
2026,4,Miami Grand Prix,2026-05-03,miami,Miami International Autodrome,colapinto,COL,Franco Colapinto,alpine,Alpine F1 Team,43,16.0,13.333333333333334,14.8,0.0,0.2,9.8,3.2,,0.0,11.0,,,11.0,11.0,1,1,8.0,1:29.584,1:28.975,1:28.762,1,8.0,7.0,qualifying,1,10.588733490323259
2026,4,Miami Grand Prix,2026-05-03,miami,Miami International Autodrome,bortoleto,BOR,Gabriel Bortoleto,audi,Audi,5,13.0,14.333333333333334,13.4,0.0,0.4,15.6,0.0,18.0,1.0,14.0,,,14.0,14.0,1,1,21.0,1:33.737,,,1,21.0,12.0,qualifying,1,15.149859482642047
2026,4,Miami Grand Prix,2026-05-03,miami,Miami International Autodrome,russell,RUS,George Russell,mercedes,Mercedes,63,4.0,2.333333333333333,3.6,12.0,14.6,1.8,21.0,5.0,4.0,6.0,,,6.0,6.0,1,1,5.0,1:29.492,1:28.477,1:28.197,1,5.0,4.0,qualifying,1,4.990299963179665
2026,4,Miami Grand Prix,2026-05-03,miami,Miami International Autodrome,hadjar,HAD,Isack Hadjar,red_bull,Red Bull,6,12.0,13.333333333333334,15.0,0.0,0.8,10.0,3.2,11.0,1.0,9.0,,,9.0,9.0,1,1,22.0,,,,1,22.0,22.0,qualifying,1,12.464333851110048
2026,4,Miami Grand Prix,2026-05-03,miami,Miami International Autodrome,stroll,STR,Lance Stroll,aston_martin,Aston Martin,18,21.0,18.666666666666668,16.6,0.0,0.2,17.8,0.0,13.75,4.0,22.0,,,22.0,22.0,1,1,18.0,1:31.164,,,1,18.0,17.0,qualifying,1,16.554653780760866
2026,4,Miami Grand Prix,2026-05-03,miami,Miami International Autodrome,norris,NOR,Lando Norris,mclaren,McLaren,1,5.0,10.0,7.4,10.0,9.4,13.4,5.6,9.75,4.0,7.0,,,7.0,7.0,1,1,4.0,1:29.183,1:28.920,1:28.183,1,4.0,2.0,qualifying,1,4.3169775603195335
2026,4,Miami Grand Prix,2026-05-03,miami,Miami International Autodrome,hamilton,HAM,Lewis Hamilton,ferrari,Ferrari,44,6.0,4.333333333333333,6.6,8.0,7.8,3.8,13.0,6.5,4.0,4.0,,,4.0,4.0,1,1,6.0,1:29.483,1:28.477,1:28.319,1,6.0,6.0,qualifying,1,6.109541398987792
2026,4,Miami Grand Prix,2026-05-03,miami,Miami International Autodrome,lawson,LAW,Liam Lawson,rb,RB F1 Team,30,9.0,9.666666666666666,11.2,2.0,2.0,11.2,1.6,17.0,1.0,17.0,,,17.0,17.0,1,1,11.0,1:29.595,1:29.499,,1,11.0,20.0,qualifying,1,12.69259505121055
2026,4,Miami Grand Prix,2026-05-03,miami,Miami International Autodrome,max_verstappen,VER,Max Verstappen,red_bull,Red Bull,3,8.0,10.0,6.4,4.0,12.4,13.2,1.6,2.0,4.0,2.0,,,2.0,2.0,1,1,2.0,1:29.099,1:28.116,1:27.964,1,2.0,5.0,qualifying,1,4.113514305503551
2026,4,Miami Grand Prix,2026-05-03,miami,Miami International Autodrome,hulkenberg,HUL,Nico Hülkenberg,audi,Audi,27,11.0,14.666666666666666,14.6,0.0,0.4,13.6,0.0,13.333333333333334,3.0,15.0,,,15.0,15.0,1,1,10.0,1:29.645,1:29.439,,1,10.0,19.0,qualifying,1,12.80922269917623
2026,4,Miami Grand Prix,2026-05-03,miami,Miami International Autodrome,bearman,BEA,Oliver Bearman,haas,Haas F1 Team,87,22.0,11.333333333333334,13.0,0.0,3.2,12.4,2.2,19.0,1.0,13.0,,,13.0,13.0,1,1,12.0,1:29.340,1:29.567,,1,12.0,11.0,qualifying,1,10.500101209211332
2026,4,Miami Grand Prix,2026-05-03,miami,Miami International Autodrome,piastri,PIA,Oscar Piastri,mclaren,McLaren,81,2.0,14.0,9.2,18.0,10.8,9.6,9.2,11.0,3.0,3.0,,,3.0,3.0,1,1,7.0,1:29.920,1:28.332,1:28.500,1,7.0,3.0,qualifying,1,6.961497229193879
2026,4,Miami Grand Prix,2026-05-03,miami,Miami International Autodrome,gasly,GAS,Pierre Gasly,alpine,Alpine F1 Team,10,7.0,7.666666666666667,11.6,6.0,3.0,9.2,4.2,12.75,4.0,8.0,,,8.0,8.0,1,1,9.0,1:29.914,1:29.070,1:28.810,1,9.0,21.0,qualifying,1,10.136639741893166
2026,4,Miami Grand Prix,2026-05-03,miami,Miami International Autodrome,perez,PER,Sergio Pérez,cadillac,Cadillac F1 Team,11,17.0,16.0,17.0,0.0,0.0,16.4,0.0,3.333333333333333,3.0,18.0,,,18.0,18.0,1,1,20.0,1:31.967,,,1,20.0,16.0,qualifying,1,14.68749839377528
2026,4,Miami Grand Prix,2026-05-03,miami,Miami International Autodrome,bottas,BOT,Valtteri Bottas,cadillac,Cadillac F1 Team,77,19.0,17.0,16.0,0.0,0.0,16.0,0.0,12.0,3.0,20.0,,,20.0,20.0,1,1,19.0,1:31.629,,,1,19.0,18.0,qualifying,1,15.629981197053551
2026,5,Canadian Grand Prix,2026-05-24,villeneuve,Circuit Gilles Villeneuve,albon,ALB,Alexander Albon,williams,Williams,23,10.0,17.333333333333332,16.0,1.0,0.2,12.6,1.0,15.2,5.0,14.0,,,14.0,14.0,1,1,18.0,1:14.851,,,1,18.0,21.0,qualifying,1,14.76379291060749
2026,5,Canadian Grand Prix,2026-05-24,villeneuve,Circuit Gilles Villeneuve,antonelli,ANT,Andrea Kimi Antonelli,mercedes,Mercedes,12,1.0,1.0,4.0,25.0,18.6,2.4,18.4,3.0,1.0,1.0,,,1.0,1.0,1,1,2.0,1:13.380,1:13.076,1:12.646,1,2.0,1.0,qualifying,1,3.1692696907873605
2026,5,Canadian Grand Prix,2026-05-24,villeneuve,Circuit Gilles Villeneuve,arvid_lindblad,LIN,Arvid Lindblad,rb,RB F1 Team,41,14.0,13.333333333333334,12.0,0.0,1.0,12.8,1.6,,0.0,8.0,,,8.0,8.0,1,1,9.0,1:13.895,1:13.548,1:13.280,1,9.0,22.0,qualifying,1,11.021317709987567
2026,5,Canadian Grand Prix,2026-05-24,villeneuve,Circuit Gilles Villeneuve,sainz,SAI,Carlos Sainz,williams,Williams,55,9.0,11.0,12.2,2.0,0.8,15.0,0.6,10.333333333333334,9.0,15.0,,,15.0,15.0,1,1,15.0,1:14.276,1:14.273,,1,15.0,9.0,qualifying,1,14.261615403848687
2026,5,Canadian Grand Prix,2026-05-24,villeneuve,Circuit Gilles Villeneuve,leclerc,LEC,Charles Leclerc,ferrari,Ferrari,16,8.0,5.0,4.4,4.0,11.6,5.0,10.6,7.666666666666667,6.0,4.0,,,4.0,4.0,1,1,8.0,1:13.825,1:13.496,1:12.976,1,8.0,4.0,qualifying,1,7.2175125896519665
2026,5,Canadian Grand Prix,2026-05-24,villeneuve,Circuit Gilles Villeneuve,ocon,OCO,Esteban Ocon,haas,Haas F1 Team,31,13.0,12.333333333333334,11.0,0.0,1.4,13.2,0.4,8.0,6.0,13.0,,,13.0,13.0,1,1,17.0,1:14.845,,,1,17.0,14.0,qualifying,1,14.279928591542062
2026,5,Canadian Grand Prix,2026-05-24,villeneuve,Circuit Gilles Villeneuve,alonso,ALO,Fernando Alonso,aston_martin,Aston Martin,14,15.0,16.666666666666668,14.8,0.0,1.6,17.8,0.0,10.555555555555555,9.0,10.0,,,10.0,10.0,1,1,19.0,1:15.196,,,1,19.0,20.0,qualifying,1,14.389770519955759
2026,5,Canadian Grand Prix,2026-05-24,villeneuve,Circuit Gilles Villeneuve,colapinto,COL,Franco Colapinto,alpine,Alpine F1 Team,43,7.0,11.0,13.4,6.0,1.4,11.4,4.0,13.0,1.0,22.0,,,22.0,22.0,1,1,10.0,1:14.466,1:13.857,1:13.697,1,10.0,6.0,qualifying,1,11.403841037254963
2026,5,Canadian Grand Prix,2026-05-24,villeneuve,Circuit Gilles Villeneuve,bortoleto,BOR,Gabriel Bortoleto,audi,Audi,5,12.0,15.333333333333334,13.2,0.0,0.4,13.2,0.0,14.0,1.0,11.0,,,11.0,11.0,1,1,13.0,1:14.775,1:14.071,,1,13.0,13.0,qualifying,1,13.066933039597709
2026,5,Canadian Grand Prix,2026-05-24,villeneuve,Circuit Gilles Villeneuve,russell,RUS,George Russell,mercedes,Mercedes,63,4.0,3.333333333333333,3.2,12.0,15.4,2.2,19.8,8.6,5.0,2.0,,,2.0,2.0,1,1,1.0,1:13.953,1:13.079,1:12.578,1,1.0,19.0,qualifying,1,2.785926826839061
2026,5,Canadian Grand Prix,2026-05-24,villeneuve,Circuit Gilles Villeneuve,hadjar,HAD,Isack Hadjar,red_bull,Red Bull,6,22.0,14.0,15.8,0.0,0.8,12.6,2.8,16.0,1.0,12.0,,,12.0,12.0,1,1,7.0,1:13.654,1:12.975,1:12.935,1,7.0,5.0,qualifying,1,10.14444954157961
2026,5,Canadian Grand Prix,2026-05-24,villeneuve,Circuit Gilles Villeneuve,stroll,STR,Lance Stroll,aston_martin,Aston Martin,18,17.0,18.666666666666668,16.6,0.0,0.2,18.2,0.0,11.571428571428571,7.0,17.0,,,17.0,17.0,1,1,21.0,1:16.195,,,1,22.0,15.0,qualifying,1,16.146252999366638
2026,5,Canadian Grand Prix,2026-05-24,villeneuve,Circuit Gilles Villeneuve,norris,NOR,Lando Norris,mclaren,McLaren,1,2.0,9.0,7.0,18.0,10.6,6.2,12.2,13.6,5.0,6.0,,,6.0,6.0,1,1,3.0,1:13.503,1:13.049,1:12.729,1,3.0,18.0,qualifying,1,3.795777150527206
2026,5,Canadian Grand Prix,2026-05-24,villeneuve,Circuit Gilles Villeneuve,hamilton,HAM,Lewis Hamilton,ferrari,Ferrari,44,6.0,5.0,5.4,8.0,9.4,5.4,9.4,4.2,10.0,3.0,,,3.0,3.0,1,1,5.0,1:13.767,1:13.041,1:12.868,1,5.0,2.0,qualifying,1,5.4806975836639324
2026,5,Canadian Grand Prix,2026-05-24,villeneuve,Circuit Gilles Villeneuve,lawson,LAW,Liam Lawson,rb,RB F1 Team,30,20.0,12.0,13.4,0.0,1.6,15.8,0.4,19.0,1.0,18.0,,,18.0,18.0,1,1,12.0,1:14.346,1:13.897,,1,12.0,7.0,qualifying,1,12.41529984618024
2026,5,Canadian Grand Prix,2026-05-24,villeneuve,Circuit Gilles Villeneuve,max_verstappen,VER,Max Verstappen,red_bull,Red Bull,3,5.0,9.666666666666666,7.2,10.0,9.4,10.4,4.8,5.555555555555555,9.0,5.0,,,5.0,5.0,1,1,6.0,1:14.067,1:13.479,1:12.907,1,6.0,3.0,qualifying,1,6.302379985342028
2026,5,Canadian Grand Prix,2026-05-24,villeneuve,Circuit Gilles Villeneuve,hulkenberg,HUL,Nico Hülkenberg,audi,Audi,27,19.0,13.666666666666666,14.4,0.0,0.4,13.6,0.0,8.555555555555555,9.0,9.0,,,9.0,9.0,1,1,11.0,1:14.562,1:13.886,,1,11.0,12.0,qualifying,1,12.413067530533688
2026,5,Canadian Grand Prix,2026-05-24,villeneuve,Circuit Gilles Villeneuve,bearman,BEA,Oliver Bearman,haas,Haas F1 Team,87,11.0,12.666666666666666,11.4,0.0,3.2,14.0,0.2,11.0,1.0,19.0,,,19.0,19.0,1,1,16.0,1:14.449,1:14.416,,1,16.0,10.0,qualifying,1,14.190459164003714
2026,5,Canadian Grand Prix,2026-05-24,villeneuve,Circuit Gilles Villeneuve,piastri,PIA,Oscar Piastri,mclaren,McLaren,81,3.0,8.0,9.4,15.0,10.2,6.0,12.2,6.666666666666667,3.0,7.0,,,7.0,7.0,1,1,4.0,1:13.559,1:13.285,1:12.781,1,4.0,11.0,qualifying,1,5.053390875479945
2026,5,Canadian Grand Prix,2026-05-24,villeneuve,Circuit Gilles Villeneuve,gasly,GAS,Pierre Gasly,alpine,Alpine F1 Team,10,21.0,11.333333333333334,12.6,0.0,3.0,11.4,4.0,11.5,6.0,16.0,,,16.0,16.0,1,1,14.0,1:14.698,1:14.187,,1,14.0,8.0,qualifying,1,12.86557192405037
2026,5,Canadian Grand Prix,2026-05-24,villeneuve,Circuit Gilles Villeneuve,perez,PER,Sergio Pérez,cadillac,Cadillac F1 Team,11,16.0,16.0,16.8,0.0,0.0,17.2,0.0,11.88888888888889,9.0,21.0,,,21.0,21.0,1,1,20.0,1:15.429,,,1,20.0,17.0,qualifying,1,15.208511516904379
2026,5,Canadian Grand Prix,2026-05-24,villeneuve,Circuit Gilles Villeneuve,bottas,BOT,Valtteri Bottas,cadillac,Cadillac F1 Team,77,18.0,16.666666666666668,17.4,0.0,0.0,17.0,0.0,5.666666666666667,9.0,20.0,,,20.0,20.0,1,1,22.0,1:16.272,,,1,21.0,16.0,qualifying,1,15.37791609016876
2026,6,Monaco Grand Prix,2026-06-07,monaco,Circuit de Monaco,albon,ALB,Alexander Albon,williams,Williams,23,21.0,17.0,17.0,0.0,0.2,12.8,1.0,11.6,5.0,11.0,13.0,16.0,13.333333333333334,11.0,3,1,11.0,1:14.321,1:13.787,,1,11.0,8.0,qualifying,1,12.838487813819803
2026,6,Monaco Grand Prix,2026-06-07,monaco,Circuit de Monaco,antonelli,ANT,Andrea Kimi Antonelli,mercedes,Mercedes,12,1.0,1.0,1.2,25.0,23.6,5.8,14.8,18.0,1.0,4.0,5.0,1.0,3.333333333333333,1.0,3,1,1.0,1:13.599,1:12.704,1:12.051,1,1.0,1.0,qualifying,1,3.4083696029916233
2026,6,Monaco Grand Prix,2026-06-07,monaco,Circuit de Monaco,arvid_lindblad,LIN,Arvid Lindblad,rb,RB F1 Team,41,22.0,16.666666666666668,14.0,0.0,0.8,14.4,1.6,,0.0,18.0,14.0,17.0,16.333333333333332,14.0,3,1,15.0,1:14.685,1:14.248,,1,15.0,7.0,qualifying,1,14.447169064376984
2026,6,Monaco Grand Prix,2026-06-07,monaco,Circuit de Monaco,sainz,SAI,Carlos Sainz,williams,Williams,55,9.0,11.0,11.4,2.0,1.2,11.4,1.8,6.5,10.0,12.0,12.0,12.0,12.0,12.0,3,1,12.0,1:14.348,1:13.815,,1,12.0,16.0,qualifying,1,12.001405780345856
2026,6,Monaco Grand Prix,2026-06-07,monaco,Circuit de Monaco,leclerc,LEC,Charles Leclerc,ferrari,Ferrari,16,4.0,5.0,4.4,12.0,11.6,4.4,12.0,10.142857142857142,7.0,1.0,2.0,2.0,1.6666666666666667,1.0,3,1,4.0,1:13.293,1:12.774,1:12.351,1,4.0,17.0,qualifying,1,4.622068027650116
2026,6,Monaco Grand Prix,2026-06-07,monaco,Circuit de Monaco,ocon,OCO,Esteban Ocon,haas,Haas F1 Team,31,14.0,12.333333333333334,12.4,0.0,0.2,13.6,0.2,9.428571428571429,7.0,17.0,17.0,11.0,15.0,11.0,3,1,17.0,1:14.722,,,1,17.0,9.0,qualifying,1,14.629675091738363
2026,6,Monaco Grand Prix,2026-06-07,monaco,Circuit de Monaco,alonso,ALO,Fernando Alonso,aston_martin,Aston Martin,14,20.0,17.666666666666668,17.6,0.0,0.0,17.6,0.0,11.11111111111111,9.0,20.0,20.0,21.0,20.33333333333333,20.0,3,1,21.0,1:15.349,,,1,21.0,10.0,qualifying,1,16.183673450747126
2026,6,Monaco Grand Prix,2026-06-07,monaco,Circuit de Monaco,colapinto,COL,Franco Colapinto,alpine,Alpine F1 Team,43,6.0,9.666666666666666,10.6,8.0,3.0,9.8,4.8,13.0,1.0,15.0,15.0,19.0,16.333333333333332,15.0,3,1,14.0,1:14.573,1:13.995,,1,14.0,14.0,qualifying,1,13.3634681034851
2026,6,Monaco Grand Prix,2026-06-07,monaco,Circuit de Monaco,bortoleto,BOR,Gabriel Bortoleto,audi,Audi,5,13.0,12.666666666666666,13.6,0.0,0.4,13.4,0.0,14.0,1.0,9.0,9.0,7.0,8.333333333333334,7.0,3,1,16.0,1:14.683,,,1,16.0,11.0,qualifying,1,13.861523300783261
2026,6,Monaco Grand Prix,2026-06-07,monaco,Circuit de Monaco,russell,RUS,George Russell,mercedes,Mercedes,63,19.0,9.0,6.0,0.0,13.4,5.2,17.4,9.166666666666666,6.0,5.0,4.0,4.0,4.333333333333333,4.0,3,1,6.0,1:14.214,1:13.238,1:12.445,1,6.0,12.0,qualifying,1,5.065364285819717
2026,6,Monaco Grand Prix,2026-06-07,monaco,Circuit de Monaco,hadjar,HAD,Isack Hadjar,red_bull,Red Bull,6,5.0,13.0,13.4,10.0,2.8,8.6,7.8,6.0,1.0,13.0,6.0,8.0,9.0,6.0,3,1,5.0,1:14.408,1:12.722,1:12.434,1,5.0,4.0,qualifying,1,7.869199156042961
2026,6,Monaco Grand Prix,2026-06-07,monaco,Circuit de Monaco,stroll,STR,Lance Stroll,aston_martin,Aston Martin,18,15.0,17.666666666666668,17.6,0.0,0.0,15.4,0.2,14.875,8.0,22.0,22.0,22.0,22.0,22.0,3,1,22.0,1:16.061,,,1,22.0,18.0,qualifying,1,16.478053617363976
2026,6,Monaco Grand Prix,2026-06-07,monaco,Circuit de Monaco,norris,NOR,Lando Norris,mclaren,McLaren,1,18.0,8.333333333333334,10.0,0.0,7.6,7.2,10.2,5.666666666666667,6.0,6.0,19.0,9.0,11.333333333333334,6.0,3,1,8.0,1:13.630,1:12.919,1:12.765,1,8.0,19.0,qualifying,1,7.6809121735204435
2026,6,Monaco Grand Prix,2026-06-07,monaco,Circuit de Monaco,hamilton,HAM,Lewis Hamilton,ferrari,Ferrari,44,2.0,4.666666666666667,4.2,18.0,12.2,4.6,11.4,4.363636363636363,11.0,2.0,1.0,3.0,2.0,1.0,3,1,3.0,1:13.777,1:12.934,1:12.279,1,3.0,2.0,qualifying,1,3.7261235958299386
2026,6,Monaco Grand Prix,2026-06-07,monaco,Circuit de Monaco,lawson,LAW,Liam Lawson,rb,RB F1 Team,30,7.0,12.0,11.2,6.0,2.8,14.0,2.4,8.0,1.0,19.0,16.0,15.0,16.666666666666668,15.0,3,1,10.0,1:14.498,1:13.471,1:13.412,1,10.0,6.0,qualifying,1,12.143618324135163
2026,6,Monaco Grand Prix,2026-06-07,monaco,Circuit de Monaco,max_verstappen,VER,Max Verstappen,red_bull,Red Bull,3,3.0,5.333333333333333,7.6,15.0,7.4,7.8,9.4,6.9,10.0,3.0,3.0,5.0,3.6666666666666665,3.0,3,1,2.0,1:13.490,1:12.499,1:12.094,1,2.0,22.0,qualifying,1,3.769480712918719
2026,6,Monaco Grand Prix,2026-06-07,monaco,Circuit de Monaco,hulkenberg,HUL,Nico Hülkenberg,audi,Audi,27,12.0,14.0,15.0,0.0,0.0,13.4,0.0,12.77777777777778,9.0,7.0,8.0,10.0,8.333333333333334,7.0,3,1,13.0,1:13.923,1:13.902,,1,13.0,13.0,qualifying,1,12.968529590827721
2026,6,Monaco Grand Prix,2026-06-07,monaco,Circuit de Monaco,bearman,BEA,Oliver Bearman,haas,Haas F1 Team,87,10.0,14.333333333333334,11.0,1.0,3.4,11.6,0.4,12.0,1.0,16.0,10.0,14.0,13.333333333333334,10.0,3,1,19.0,1:14.814,,,1,19.0,20.0,qualifying,1,13.294722403784112
2026,6,Monaco Grand Prix,2026-06-07,monaco,Circuit de Monaco,piastri,PIA,Oscar Piastri,mclaren,McLaren,81,11.0,5.333333333333333,11.2,0.0,6.6,10.6,6.6,5.0,3.0,8.0,7.0,6.0,7.0,6.0,3,1,7.0,1:14.159,1:12.983,1:12.624,1,7.0,5.0,qualifying,1,7.735316889360769
2026,6,Monaco Grand Prix,2026-06-07,monaco,Circuit de Monaco,gasly,GAS,Pierre Gasly,alpine,Alpine F1 Team,10,8.0,12.0,10.4,4.0,3.8,11.2,3.6,9.428571428571429,7.0,10.0,11.0,13.0,11.333333333333334,10.0,3,1,9.0,1:14.469,1:13.762,1:13.226,1,9.0,3.0,qualifying,1,10.986588658715556
2026,6,Monaco Grand Prix,2026-06-07,monaco,Circuit de Monaco,perez,PER,Sergio Pérez,cadillac,Cadillac F1 Team,11,17.0,16.666666666666668,16.2,0.0,0.0,17.6,0.0,10.7,10.0,14.0,18.0,18.0,16.666666666666668,14.0,3,1,18.0,1:14.747,,,1,18.0,15.0,qualifying,1,14.303090019702823
2026,6,Monaco Grand Prix,2026-06-07,monaco,Circuit de Monaco,bottas,BOT,Valtteri Bottas,cadillac,Cadillac F1 Team,77,16.0,17.666666666666668,17.0,0.0,0.0,16.8,0.0,10.6,10.0,21.0,21.0,20.0,20.666666666666668,20.0,3,1,20.0,1:15.283,,,1,20.0,21.0,qualifying,1,16.9208306492749
2026,7,Barcelona Grand Prix,2026-06-14,catalunya,Circuit de Barcelona-Catalunya,albon,ALB,Alexander Albon,williams,Williams,23,8.0,13.0,16.2,4.0,1.0,12.6,1.6,15.0,6.0,,19.0,18.0,18.5,18.0,2,1,18.0,1:17.424,,,1,18.0,18.0,qualifying,1,14.973168380534887
2026,7,Barcelona Grand Prix,2026-06-14,catalunya,Circuit de Barcelona-Catalunya,antonelli,ANT,Andrea Kimi Antonelli,mercedes,Mercedes,12,1.0,1.0,1.0,25.0,25.0,7.4,12.4,18.0,1.0,,5.0,7.0,6.0,5.0,2,1,3.0,1:15.977,1:15.295,1:14.998,1,3.0,16.0,qualifying,1,5.127261730688956
2026,7,Barcelona Grand Prix,2026-06-14,catalunya,Circuit de Barcelona-Catalunya,arvid_lindblad,LIN,Arvid Lindblad,rb,RB F1 Team,41,7.0,14.333333333333334,13.8,6.0,1.2,12.4,4.0,,0.0,9.0,7.0,10.0,8.666666666666666,7.0,3,1,11.0,1:16.425,1:15.840,,1,11.0,9.0,qualifying,1,11.732707932329365
2026,7,Barcelona Grand Prix,2026-06-14,catalunya,Circuit de Barcelona-Catalunya,sainz,SAI,Carlos Sainz,williams,Williams,55,16.0,11.333333333333334,11.6,0.0,1.2,14.4,1.2,7.181818181818182,11.0,13.0,14.0,15.0,14.0,13.0,3,1,16.0,1:16.881,1:17.827,,1,16.0,12.0,qualifying,1,14.247547250238236
2026,7,Barcelona Grand Prix,2026-06-14,catalunya,Circuit de Barcelona-Catalunya,leclerc,LEC,Charles Leclerc,ferrari,Ferrari,16,17.0,9.666666666666666,7.2,0.0,8.6,5.2,14.6,9.75,8.0,3.0,4.0,3.0,3.333333333333333,3.0,3,1,10.0,1:15.964,1:15.281,,1,10.0,15.0,qualifying,1,6.1964241184757824
2026,7,Barcelona Grand Prix,2026-06-14,catalunya,Circuit de Barcelona-Catalunya,ocon,OCO,Esteban Ocon,haas,Haas F1 Team,31,9.0,12.0,12.0,2.0,0.6,14.0,0.6,10.5,8.0,16.0,17.0,16.0,16.333333333333332,16.0,3,1,17.0,1:17.073,,,1,17.0,13.0,qualifying,1,14.48357263794038
2026,7,Barcelona Grand Prix,2026-06-14,catalunya,Circuit de Barcelona-Catalunya,alonso,ALO,Fernando Alonso,aston_martin,Aston Martin,14,10.0,15.0,16.0,1.0,0.2,16.0,0.2,11.9,10.0,19.0,21.0,20.0,20.0,19.0,3,1,22.0,1:18.815,,,1,22.0,19.0,qualifying,1,15.380960853349071
2026,7,Barcelona Grand Prix,2026-06-14,catalunya,Circuit de Barcelona-Catalunya,colapinto,COL,Franco Colapinto,alpine,Alpine F1 Team,43,14.0,9.0,10.6,0.0,3.0,10.4,5.4,15.0,1.0,10.0,15.0,14.0,13.0,10.0,3,1,13.0,1:16.590,1:16.191,,1,13.0,10.0,qualifying,1,12.403268081553197
2026,7,Barcelona Grand Prix,2026-06-14,catalunya,Circuit de Barcelona-Catalunya,bortoleto,BOR,Gabriel Bortoleto,audi,Audi,5,11.0,12.0,14.0,0.0,0.0,13.6,0.0,12.0,1.0,12.0,8.0,11.0,10.333333333333334,8.0,3,1,12.0,1:16.616,1:16.001,,1,12.0,11.0,qualifying,1,12.350556422510284
2026,7,Barcelona Grand Prix,2026-06-14,catalunya,Circuit de Barcelona-Catalunya,russell,RUS,George Russell,mercedes,Mercedes,63,12.0,11.666666666666666,8.2,0.0,8.4,9.8,10.0,8.857142857142858,7.0,1.0,2.0,1.0,1.3333333333333333,1.0,3,1,1.0,1:15.717,1:15.228,1:14.679,1,1.0,2.0,qualifying,1,3.308097557372126
2026,7,Barcelona Grand Prix,2026-06-14,catalunya,Circuit de Barcelona-Catalunya,hadjar,HAD,Isack Hadjar,red_bull,Red Bull,6,4.0,10.333333333333334,10.2,12.0,5.2,7.8,9.4,7.0,1.0,,10.0,8.0,9.0,8.0,2,1,6.0,1:16.427,1:15.754,1:15.077,1,6.0,6.0,qualifying,1,7.422374851625932
2026,7,Barcelona Grand Prix,2026-06-14,catalunya,Circuit de Barcelona-Catalunya,stroll,STR,Lance Stroll,aston_martin,Aston Martin,18,18.0,16.666666666666668,17.8,0.0,0.0,16.4,0.2,12.0,8.0,20.0,22.0,22.0,21.33333333333333,20.0,3,1,21.0,1:18.758,,,1,21.0,22.0,qualifying,1,16.773277890802774
2026,7,Barcelona Grand Prix,2026-06-14,catalunya,Circuit de Barcelona-Catalunya,norris,NOR,Lando Norris,mclaren,McLaren,1,19.0,13.0,12.8,0.0,5.6,11.2,5.0,9.571428571428571,7.0,,1.0,4.0,2.5,1.0,2,1,4.0,1:16.287,1:15.361,1:15.001,1,4.0,3.0,qualifying,1,4.861705517507099
2026,7,Barcelona Grand Prix,2026-06-14,catalunya,Circuit de Barcelona-Catalunya,hamilton,HAM,Lewis Hamilton,ferrari,Ferrari,44,2.0,3.333333333333333,3.8,18.0,13.4,6.6,10.4,3.75,12.0,,9.0,5.0,7.0,5.0,2,1,2.0,1:15.625,1:15.418,1:14.743,1,2.0,1.0,qualifying,1,3.2650983915561067
2026,7,Barcelona Grand Prix,2026-06-14,catalunya,Circuit de Barcelona-Catalunya,lawson,LAW,Liam Lawson,rb,RB F1 Team,30,6.0,11.0,9.8,8.0,4.4,10.2,4.4,11.0,1.0,7.0,13.0,12.0,10.666666666666666,7.0,3,1,8.0,1:16.673,1:15.585,1:16.542,1,8.0,8.0,qualifying,1,10.366573009051473
2026,7,Barcelona Grand Prix,2026-06-14,catalunya,Circuit de Barcelona-Catalunya,max_verstappen,VER,Max Verstappen,red_bull,Red Bull,3,22.0,10.0,10.8,0.0,5.8,8.0,9.0,4.909090909090909,11.0,4.0,6.0,6.0,5.333333333333333,4.0,3,1,5.0,1:16.352,1:15.484,1:15.021,1,5.0,4.0,qualifying,1,6.634809370054389
2026,7,Barcelona Grand Prix,2026-06-14,catalunya,Circuit de Barcelona-Catalunya,hulkenberg,HUL,Nico Hülkenberg,audi,Audi,27,13.0,14.666666666666666,13.2,0.0,0.0,12.0,0.0,12.77777777777778,9.0,,11.0,9.0,10.0,9.0,2,1,9.0,1:16.066,1:15.768,1:16.657,1,9.0,20.0,qualifying,1,11.405218441846543
2026,7,Barcelona Grand Prix,2026-06-14,catalunya,Circuit de Barcelona-Catalunya,bearman,BEA,Oliver Bearman,haas,Haas F1 Team,87,20.0,13.666666666666666,13.6,0.0,2.2,13.2,0.6,17.0,1.0,11.0,12.0,17.0,13.333333333333334,11.0,3,1,15.0,1:16.571,1:16.389,,1,15.0,17.0,qualifying,1,11.364873204539434
2026,7,Barcelona Grand Prix,2026-06-14,catalunya,Circuit de Barcelona-Catalunya,piastri,PIA,Oscar Piastri,mclaren,McLaren,81,5.0,6.333333333333333,8.0,10.0,8.6,11.2,5.0,7.0,3.0,2.0,3.0,2.0,2.333333333333333,2.0,3,1,7.0,1:16.138,1:15.518,1:15.090,1,7.0,5.0,qualifying,1,5.608778014153639
2026,7,Barcelona Grand Prix,2026-06-14,catalunya,Circuit de Barcelona-Catalunya,gasly,GAS,Pierre Gasly,alpine,Alpine F1 Team,10,3.0,10.666666666666666,9.0,15.0,6.6,8.2,5.6,10.5,8.0,17.0,16.0,13.0,15.333333333333334,13.0,3,1,14.0,1:16.599,1:16.261,,1,14.0,7.0,qualifying,1,12.613017022562456
2026,7,Barcelona Grand Prix,2026-06-14,catalunya,Circuit de Barcelona-Catalunya,perez,PER,Sergio Pérez,cadillac,Cadillac F1 Team,11,15.0,16.0,16.0,0.0,0.0,18.0,0.0,7.363636363636363,11.0,,20.0,19.0,19.5,19.0,2,1,19.0,1:17.545,,,1,19.0,14.0,qualifying,1,15.343186720665384
2026,7,Barcelona Grand Prix,2026-06-14,catalunya,Circuit de Barcelona-Catalunya,bottas,BOT,Valtteri Bottas,cadillac,Cadillac F1 Team,77,21.0,18.33333333333333,17.4,0.0,0.0,17.0,0.0,7.454545454545454,11.0,18.0,18.0,21.0,19.0,18.0,3,1,20.0,1:17.757,,,1,20.0,21.0,qualifying,1,15.658118956684815
2026,8,Austrian Grand Prix,2026-06-28,red_bull_ring,Red Bull Ring,albon,ALB,Alexander Albon,williams,Williams,23,18.0,15.666666666666666,15.4,0.0,1.0,12.6,1.2,12.428571428571429,7.0,16.0,17.0,18.0,17.0,16.0,3,1,18.0,1:08.509,,,1,18.0,17.0,qualifying,1,14.73319044868513
2026,8,Austrian Grand Prix,2026-06-28,red_bull_ring,Red Bull Ring,antonelli,ANT,Andrea Kimi Antonelli,mercedes,Mercedes,12,16.0,6.0,4.0,0.0,20.0,10.0,8.6,19.0,1.0,1.0,1.0,2.0,1.3333333333333333,1.0,3,1,4.0,1:07.083,1:06.763,1:06.414,1,4.0,3.0,qualifying,1,3.6682048514003105
2026,8,Austrian Grand Prix,2026-06-28,red_bull_ring,Red Bull Ring,arvid_lindblad,LIN,Arvid Lindblad,rb,RB F1 Team,41,9.0,12.666666666666666,13.2,2.0,1.6,7.4,5.2,,0.0,6.0,12.0,10.0,9.333333333333334,6.0,3,1,10.0,1:07.549,1:07.155,1:07.007,1,10.0,10.0,qualifying,1,10.092785160646471
2026,8,Austrian Grand Prix,2026-06-28,red_bull_ring,Red Bull Ring,sainz,SAI,Carlos Sainz,williams,Williams,55,12.0,12.333333333333334,12.2,0.0,0.8,14.2,0.8,10.23076923076923,13.0,,18.0,17.0,17.5,17.0,2,1,17.0,1:08.252,,,1,17.0,20.0,qualifying,1,14.840249626045365
2026,8,Austrian Grand Prix,2026-06-28,red_bull_ring,Red Bull Ring,leclerc,LEC,Charles Leclerc,ferrari,Ferrari,16,15.0,12.0,9.4,0.0,6.2,8.0,10.6,6.4,10.0,,8.0,7.0,7.5,7.0,2,1,2.0,1:07.543,1:07.030,1:06.349,1,2.0,8.0,qualifying,1,4.581541603657678
2026,8,Austrian Grand Prix,2026-06-28,red_bull_ring,Red Bull Ring,ocon,OCO,Esteban Ocon,haas,Haas F1 Team,31,13.0,12.0,11.8,0.0,0.6,14.6,0.4,11.5,10.0,,15.0,16.0,15.5,15.0,2,1,15.0,1:08.231,1:07.817,,1,15.0,16.0,qualifying,1,13.866146978593502
2026,8,Austrian Grand Prix,2026-06-28,red_bull_ring,Red Bull Ring,alonso,ALO,Fernando Alonso,aston_martin,Aston Martin,14,19.0,16.333333333333332,16.4,0.0,0.2,16.8,0.2,11.727272727272728,11.0,22.0,19.0,21.0,20.666666666666668,19.0,3,1,21.0,1:09.942,,,1,21.0,18.0,qualifying,1,17.064373377909014
2026,8,Austrian Grand Prix,2026-06-28,red_bull_ring,Red Bull Ring,colapinto,COL,Franco Colapinto,alpine,Alpine F1 Team,43,10.0,10.0,10.6,1.0,3.0,8.4,5.2,15.0,1.0,8.0,16.0,14.0,12.666666666666666,8.0,3,1,16.0,1:07.894,1:08.171,,1,16.0,15.0,qualifying,1,12.369123404061773
2026,8,Austrian Grand Prix,2026-06-28,red_bull_ring,Red Bull Ring,bortoleto,BOR,Gabriel Bortoleto,audi,Audi,5,11.0,11.666666666666666,12.0,0.0,0.0,13.4,0.0,8.0,1.0,,10.0,13.0,11.5,10.0,2,1,12.0,1:08.035,1:07.293,,1,12.0,11.0,qualifying,1,12.35665326581289
2026,8,Austrian Grand Prix,2026-06-28,red_bull_ring,Red Bull Ring,russell,RUS,George Russell,mercedes,Mercedes,63,2.0,11.0,8.2,18.0,8.4,6.8,11.6,10.666666666666666,9.0,2.0,6.0,1.0,3.0,1.0,3,1,1.0,1:07.398,1:06.979,1:06.113,1,1.0,1.0,qualifying,1,3.4551708631056117
2026,8,Austrian Grand Prix,2026-06-28,red_bull_ring,Red Bull Ring,hadjar,HAD,Isack Hadjar,red_bull,Red Bull,6,6.0,5.0,9.8,8.0,6.0,7.8,9.4,12.0,1.0,12.0,7.0,8.0,9.0,7.0,3,1,8.0,1:07.408,1:07.086,1:06.632,1,8.0,6.0,qualifying,1,9.185359934092402
2026,8,Austrian Grand Prix,2026-06-28,red_bull_ring,Red Bull Ring,stroll,STR,Lance Stroll,aston_martin,Aston Martin,18,22.0,18.33333333333333,18.6,0.0,0.0,17.4,0.2,12.090909090909092,11.0,,20.0,22.0,21.0,20.0,2,1,22.0,1:10.363,,,1,22.0,19.0,qualifying,1,16.288427859932753
2026,8,Austrian Grand Prix,2026-06-28,red_bull_ring,Red Bull Ring,norris,NOR,Lando Norris,mclaren,McLaren,1,3.0,13.333333333333334,9.4,15.0,8.6,8.6,7.0,6.0,9.0,7.0,3.0,5.0,5.0,3.0,3,1,6.0,1:07.259,1:06.897,1:06.502,1,6.0,7.0,qualifying,1,4.507924971519498
2026,8,Austrian Grand Prix,2026-06-28,red_bull_ring,Red Bull Ring,hamilton,HAM,Lewis Hamilton,ferrari,Ferrari,44,1.0,1.6666666666666667,3.4,25.0,15.4,7.8,11.0,4.285714285714286,14.0,5.0,5.0,3.0,4.333333333333333,3.0,3,1,3.0,1:07.290,1:06.994,1:06.408,1,3.0,5.0,qualifying,1,3.257883003272531
2026,8,Austrian Grand Prix,2026-06-28,red_bull_ring,Red Bull Ring,lawson,LAW,Liam Lawson,rb,RB F1 Team,30,8.0,7.0,10.0,4.0,4.0,8.0,4.2,6.0,1.0,,9.0,9.0,9.0,9.0,2,1,9.0,1:07.385,1:07.136,1:06.955,1,9.0,9.0,qualifying,1,10.137546083094135
2026,8,Austrian Grand Prix,2026-06-28,red_bull_ring,Red Bull Ring,max_verstappen,VER,Max Verstappen,red_bull,Red Bull,3,4.0,9.666666666666666,8.4,12.0,8.2,8.4,8.0,6.384615384615385,13.0,4.0,4.0,6.0,4.666666666666667,4.0,3,1,5.0,1:07.407,1:07.183,1:06.475,1,5.0,2.0,qualifying,1,5.793363369197994
2026,8,Austrian Grand Prix,2026-06-28,red_bull_ring,Red Bull Ring,hulkenberg,HUL,Nico Hülkenberg,audi,Audi,27,20.0,15.0,15.0,0.0,0.0,13.2,0.0,12.77777777777778,9.0,11.0,14.0,12.0,12.333333333333334,11.0,3,1,14.0,1:08.066,1:07.611,,1,14.0,12.0,qualifying,1,13.98296472336292
2026,8,Austrian Grand Prix,2026-06-28,red_bull_ring,Red Bull Ring,bearman,BEA,Oliver Bearman,haas,Haas F1 Team,87,17.0,15.666666666666666,16.0,0.0,0.2,14.6,0.4,11.0,1.0,10.0,13.0,15.0,12.666666666666666,10.0,3,1,13.0,1:08.061,1:07.523,,1,13.0,14.0,qualifying,1,11.552846691131341
2026,8,Austrian Grand Prix,2026-06-28,red_bull_ring,Red Bull Ring,piastri,PIA,Oscar Piastri,mclaren,McLaren,81,5.0,7.0,5.2,10.0,10.6,7.8,8.2,6.666666666666667,3.0,3.0,2.0,4.0,3.0,2.0,3,1,7.0,1:07.487,1:06.890,1:06.511,1,7.0,4.0,qualifying,1,5.878515111937459
2026,8,Austrian Grand Prix,2026-06-28,red_bull_ring,Red Bull Ring,gasly,GAS,Pierre Gasly,alpine,Alpine F1 Team,10,7.0,6.0,9.2,6.0,6.2,9.8,4.4,11.7,10.0,14.0,11.0,11.0,12.0,11.0,3,1,11.0,1:08.038,1:07.223,,1,11.0,13.0,qualifying,1,11.31106973898379
2026,8,Austrian Grand Prix,2026-06-28,red_bull_ring,Red Bull Ring,perez,PER,Sergio Pérez,cadillac,Cadillac F1 Team,11,14.0,15.333333333333334,15.8,0.0,0.0,18.6,0.0,8.384615384615385,13.0,21.0,22.0,19.0,20.666666666666668,19.0,3,1,19.0,1:08.945,,,1,19.0,21.0,qualifying,1,15.908835301095978
2026,8,Austrian Grand Prix,2026-06-28,red_bull_ring,Red Bull Ring,bottas,BOT,Valtteri Bottas,cadillac,Cadillac F1 Team,77,21.0,19.33333333333333,19.0,0.0,0.0,17.6,0.0,6.923076923076923,13.0,13.0,21.0,20.0,18.0,13.0,3,1,20.0,1:09.030,,,1,20.0,22.0,qualifying,1,16.44210792147825
2026,9,British Grand Prix,2026-07-05,silverstone,Silverstone Circuit,albon,ALB,Alexander Albon,williams,Williams,23,17.0,14.333333333333334,14.8,0.0,1.0,16.6,0.0,10.0,7.0,17.0,,,17.0,17.0,1,1,16.0,1:30.638,1:31.341,,1,16.0,21.0,qualifying,1,15.44803021439605
2026,9,British Grand Prix,2026-07-05,silverstone,Silverstone Circuit,antonelli,ANT,Andrea Kimi Antonelli,mercedes,Mercedes,12,3.0,6.666666666666667,4.4,15.0,18.0,6.8,11.6,16.0,1.0,2.0,,,2.0,2.0,1,1,1.0,1:29.719,1:28.493,1:28.111,1,1.0,15.0,qualifying,1,3.6159793535473135
2026,9,British Grand Prix,2026-07-05,silverstone,Silverstone Circuit,arvid_lindblad,LIN,Arvid Lindblad,rb,RB F1 Team,41,10.0,8.666666666666666,12.4,1.0,1.8,8.4,3.4,,0.0,13.0,,,13.0,13.0,1,1,9.0,1:29.661,1:29.324,1:29.305,1,9.0,7.0,qualifying,1,10.953810313151731
2026,9,British Grand Prix,2026-07-05,silverstone,Silverstone Circuit,sainz,SAI,Carlos Sainz,williams,Williams,55,20.0,16.0,13.2,0.0,0.8,17.6,0.0,10.333333333333334,12.0,15.0,,,15.0,15.0,1,1,15.0,1:30.562,1:30.623,,1,14.0,17.0,qualifying,1,14.999011941043431
2026,9,British Grand Prix,2026-07-05,silverstone,Silverstone Circuit,leclerc,LEC,Charles Leclerc,ferrari,Ferrari,16,8.0,13.333333333333334,10.4,4.0,4.0,6.4,10.8,8.0,9.0,3.0,,,3.0,3.0,1,1,2.0,1:29.534,1:28.626,1:28.286,1,2.0,1.0,qualifying,1,4.958053891890763
2026,9,British Grand Prix,2026-07-05,silverstone,Silverstone Circuit,ocon,OCO,Esteban Ocon,haas,Haas F1 Team,31,16.0,12.666666666666666,13.0,0.0,0.4,14.4,0.0,11.333333333333334,9.0,16.0,,,16.0,16.0,1,1,17.0,1:30.680,,,1,17.0,13.0,qualifying,1,14.3657412065734
2026,9,British Grand Prix,2026-07-05,silverstone,Silverstone Circuit,alonso,ALO,Fernando Alonso,aston_martin,Aston Martin,14,18.0,15.666666666666666,16.4,0.0,0.2,19.2,0.0,9.1,10.0,20.0,,,20.0,20.0,1,1,22.0,1:33.025,,,1,21.0,18.0,qualifying,1,14.926967171812388
2026,9,British Grand Prix,2026-07-05,silverstone,Silverstone Circuit,colapinto,COL,Franco Colapinto,alpine,Alpine F1 Team,43,15.0,13.0,10.4,0.0,3.0,9.6,4.4,20.0,1.0,11.0,,,11.0,11.0,1,1,19.0,1:31.321,,,1,19.0,9.0,qualifying,1,12.51420947954811
2026,9,British Grand Prix,2026-07-05,silverstone,Silverstone Circuit,bortoleto,BOR,Gabriel Bortoleto,audi,Audi,5,11.0,11.0,11.6,0.0,0.0,13.4,0.0,18.0,1.0,12.0,,,12.0,12.0,1,1,11.0,1:30.269,1:29.461,,1,11.0,8.0,qualifying,1,12.589008433970653
2026,9,British Grand Prix,2026-07-05,silverstone,Silverstone Circuit,russell,RUS,George Russell,mercedes,Mercedes,63,1.0,5.0,7.6,25.0,11.0,7.4,11.6,13.5,8.0,4.0,,,4.0,4.0,1,1,4.0,1:29.985,1:28.920,1:28.481,1,4.0,2.0,qualifying,1,5.0833387363267235
2026,9,British Grand Prix,2026-07-05,silverstone,Silverstone Circuit,hadjar,HAD,Isack Hadjar,red_bull,Red Bull,6,6.0,5.333333333333333,8.6,8.0,7.6,8.0,9.2,17.0,1.0,8.0,,,8.0,8.0,1,1,5.0,1:29.276,1:29.069,1:28.746,1,5.0,5.0,qualifying,1,6.917758378060733
2026,9,British Grand Prix,2026-07-05,silverstone,Silverstone Circuit,stroll,STR,Lance Stroll,aston_martin,Aston Martin,18,19.0,19.666666666666668,18.2,0.0,0.0,19.2,0.0,10.3,10.0,22.0,,,22.0,22.0,1,1,21.0,1:32.863,,,1,22.0,19.0,qualifying,1,16.447862622673743
2026,9,British Grand Prix,2026-07-05,silverstone,Silverstone Circuit,norris,NOR,Lando Norris,mclaren,McLaren,1,7.0,9.666666666666666,9.8,6.0,7.8,4.8,10.6,5.125,8.0,7.0,,,7.0,7.0,1,1,6.0,1:30.186,1:29.383,1:28.877,1,6.0,4.0,qualifying,1,5.534263945282144
2026,9,British Grand Prix,2026-07-05,silverstone,Silverstone Circuit,hamilton,HAM,Lewis Hamilton,ferrari,Ferrari,44,5.0,2.6666666666666665,3.2,10.0,15.8,9.2,7.8,1.6923076923076923,13.0,1.0,,,1.0,1.0,1,1,3.0,1:29.644,1:28.864,1:28.458,1,3.0,3.0,qualifying,1,4.069616153814556
2026,9,British Grand Prix,2026-07-05,silverstone,Silverstone Circuit,lawson,LAW,Liam Lawson,rb,RB F1 Team,30,9.0,7.666666666666667,10.0,2.0,4.0,8.6,3.0,19.0,1.0,10.0,,,10.0,10.0,1,1,10.0,1:29.300,1:29.429,1:29.716,1,10.0,6.0,qualifying,1,12.50000603017717
2026,9,British Grand Prix,2026-07-05,silverstone,Silverstone Circuit,max_verstappen,VER,Max Verstappen,red_bull,Red Bull,3,2.0,9.333333333333334,7.2,18.0,11.0,4.6,11.2,6.666666666666667,12.0,6.0,,,6.0,6.0,1,1,7.0,1:29.549,1:29.113,1:28.893,1,7.0,20.0,qualifying,1,6.561162144687962
2026,9,British Grand Prix,2026-07-05,silverstone,Silverstone Circuit,hulkenberg,HUL,Nico Hülkenberg,audi,Audi,27,12.0,15.0,15.2,0.0,0.0,12.4,0.8,8.454545454545455,11.0,9.0,,,9.0,9.0,1,1,13.0,1:29.539,1:30.076,,1,12.0,22.0,qualifying,1,12.795313795743553
2026,9,British Grand Prix,2026-07-05,silverstone,Silverstone Circuit,bearman,BEA,Oliver Bearman,haas,Haas F1 Team,87,14.0,17.0,14.4,0.0,0.2,13.8,0.4,11.0,1.0,14.0,,,14.0,14.0,1,1,14.0,1:30.570,1:30.501,,1,13.0,12.0,qualifying,1,12.735370198123855
2026,9,British Grand Prix,2026-07-05,silverstone,Silverstone Circuit,piastri,PIA,Oscar Piastri,mclaren,McLaren,81,4.0,4.666666666666667,5.6,12.0,9.4,4.6,11.0,3.333333333333333,3.0,5.0,,,5.0,5.0,1,1,8.0,1:29.971,1:29.218,1:29.032,1,8.0,11.0,qualifying,1,7.375784494068123
2026,9,British Grand Prix,2026-07-05,silverstone,Silverstone Circuit,gasly,GAS,Pierre Gasly,alpine,Alpine F1 Team,10,13.0,7.666666666666667,10.4,0.0,5.0,10.8,1.8,11.77777777777778,9.0,21.0,,,21.0,21.0,1,1,12.0,1:30.345,1:30.063,,1,15.0,10.0,qualifying,1,12.653934896424223
2026,9,British Grand Prix,2026-07-05,silverstone,Silverstone Circuit,perez,PER,Sergio Pérez,cadillac,Cadillac F1 Team,11,21.0,16.666666666666668,16.6,0.0,0.0,18.8,0.0,10.3,10.0,19.0,,,19.0,19.0,1,1,20.0,1:31.451,,,1,20.0,14.0,qualifying,1,15.12349892944028
2026,9,British Grand Prix,2026-07-05,silverstone,Silverstone Circuit,bottas,BOT,Valtteri Bottas,cadillac,Cadillac F1 Team,77,22.0,21.33333333333333,19.6,0.0,0.0,18.6,0.0,7.5,12.0,18.0,,,18.0,18.0,1,1,18.0,1:31.227,,,1,18.0,16.0,qualifying,1,15.439850979168174
2026,10,Belgian Grand Prix,2026-07-19,spa,Circuit de Spa-Francorchamps,albon,ALB,Alexander Albon,williams,Williams,23,21.0,18.666666666666668,17.0,0.0,0.8,17.4,0.0,8.833333333333334,6.0,14.0,15.0,16.0,15.0,14.0,3,1,17.0,1:47.120,,,1,15.0,15.0,qualifying,1,14.992041387180555
2026,10,Belgian Grand Prix,2026-07-19,spa,Circuit de Spa-Francorchamps,antonelli,ANT,Andrea Kimi Antonelli,mercedes,Mercedes,12,15.0,11.333333333333334,7.2,0.0,13.0,4.6,15.2,16.0,1.0,6.0,1.0,1.0,2.6666666666666665,1.0,3,1,1.0,1:46.304,1:45.142,1:44.361,1,1.0,1.0,qualifying,1,2.197011935295332
2026,10,Belgian Grand Prix,2026-07-19,spa,Circuit de Spa-Francorchamps,arvid_lindblad,LIN,Arvid Lindblad,rb,RB F1 Team,41,7.0,8.666666666666666,11.0,6.0,3.0,8.0,4.2,,0.0,9.0,9.0,11.0,9.666666666666666,9.0,3,1,8.0,1:46.191,1:45.629,1:45.143,1,7.0,9.0,qualifying,1,9.98678119764899
2026,10,Belgian Grand Prix,2026-07-19,spa,Circuit de Spa-Francorchamps,sainz,SAI,Carlos Sainz,williams,Williams,55,17.0,16.333333333333332,14.8,0.0,0.4,18.0,0.0,13.909090909090908,11.0,20.0,16.0,18.0,18.0,16.0,3,1,15.0,1:47.080,1:46.777,,1,19.0,16.0,qualifying,1,15.803621236112035
2026,10,Belgian Grand Prix,2026-07-19,spa,Circuit de Spa-Francorchamps,leclerc,LEC,Charles Leclerc,ferrari,Ferrari,16,1.0,8.0,9.0,25.0,8.2,4.2,13.2,7.0,8.0,3.0,11.0,6.0,6.666666666666667,3.0,3,1,5.0,1:46.278,1:45.397,1:44.893,1,4.0,2.0,qualifying,1,5.597317852924283
2026,10,Belgian Grand Prix,2026-07-19,spa,Circuit de Spa-Francorchamps,ocon,OCO,Esteban Ocon,haas,Haas F1 Team,31,13.0,14.0,13.0,0.0,0.4,13.8,0.0,9.11111111111111,9.0,16.0,14.0,19.0,16.333333333333332,14.0,3,1,18.0,1:47.801,,,1,16.0,17.0,qualifying,1,14.367891045220167
2026,10,Belgian Grand Prix,2026-07-19,spa,Circuit de Spa-Francorchamps,alonso,ALO,Fernando Alonso,aston_martin,Aston Martin,14,18.0,18.33333333333333,17.0,0.0,0.2,19.2,0.0,11.0,10.0,,22.0,21.0,21.5,21.0,2,1,21.0,1:50.002,,,1,22.0,19.0,qualifying,1,16.1438681809969
2026,10,Belgian Grand Prix,2026-07-19,spa,Circuit de Spa-Francorchamps,colapinto,COL,Franco Colapinto,alpine,Alpine F1 Team,43,9.0,11.333333333333334,10.8,2.0,2.2,10.8,1.8,19.0,1.0,15.0,7.0,13.0,11.666666666666666,7.0,3,1,13.0,1:46.795,1:46.392,,1,11.0,10.0,qualifying,1,13.020092175762517
2026,10,Belgian Grand Prix,2026-07-19,spa,Circuit de Spa-Francorchamps,bortoleto,BOR,Gabriel Bortoleto,audi,Audi,5,8.0,10.0,10.8,4.0,0.8,14.6,0.8,9.0,1.0,10.0,13.0,9.0,10.666666666666666,9.0,3,1,9.0,1:46.609,1:46.082,1:45.628,1,8.0,8.0,qualifying,1,10.662694232108839
2026,10,Belgian Grand Prix,2026-07-19,spa,Circuit de Spa-Francorchamps,russell,RUS,George Russell,mercedes,Mercedes,63,2.0,1.6666666666666667,7.2,18.0,12.2,4.4,16.6,10.142857142857142,7.0,8.0,8.0,4.0,6.666666666666667,4.0,3,1,4.0,1:46.185,1:45.689,1:44.869,1,3.0,22.0,qualifying,1,4.059169661220453
2026,10,Belgian Grand Prix,2026-07-19,spa,Circuit de Spa-Francorchamps,hadjar,HAD,Isack Hadjar,red_bull,Red Bull,6,5.0,5.666666666666667,5.2,10.0,9.6,7.4,9.6,20.0,1.0,4.0,5.0,10.0,6.333333333333333,4.0,3,1,10.0,1:46.062,1:45.823,,1,21.0,6.0,qualifying,1,8.846980529741154
2026,10,Belgian Grand Prix,2026-07-19,spa,Circuit de Spa-Francorchamps,stroll,STR,Lance Stroll,aston_martin,Aston Martin,18,19.0,20.0,18.6,0.0,0.0,18.6,0.0,12.0,9.0,21.0,21.0,22.0,21.33333333333333,21.0,3,1,22.0,1:50.177,,,1,20.0,20.0,qualifying,1,17.407640655356158
2026,10,Belgian Grand Prix,2026-07-19,spa,Circuit de Spa-Francorchamps,norris,NOR,Lando Norris,mclaren,McLaren,1,4.0,4.666666666666667,10.2,12.0,6.6,6.2,8.0,8.285714285714286,7.0,7.0,2.0,2.0,3.6666666666666665,2.0,3,1,3.0,1:45.865,1:45.454,1:44.801,1,13.0,7.0,qualifying,1,5.0155420630468734
2026,10,Belgian Grand Prix,2026-07-19,spa,Circuit de Spa-Francorchamps,hamilton,HAM,Lewis Hamilton,ferrari,Ferrari,44,3.0,3.0,2.6,15.0,17.2,6.4,10.8,5.333333333333333,12.0,2.0,4.0,5.0,3.6666666666666665,2.0,3,1,6.0,1:46.124,1:45.543,1:44.895,1,5.0,4.0,qualifying,1,4.682303705214166
2026,10,Belgian Grand Prix,2026-07-19,spa,Circuit de Spa-Francorchamps,lawson,LAW,Liam Lawson,rb,RB F1 Team,30,6.0,7.666666666666667,7.2,8.0,5.6,8.2,3.8,8.0,1.0,11.0,10.0,12.0,11.0,10.0,3,1,11.0,1:46.501,1:46.120,,1,9.0,12.0,qualifying,1,10.860619669826129
2026,10,Belgian Grand Prix,2026-07-19,spa,Circuit de Spa-Francorchamps,max_verstappen,VER,Max Verstappen,red_bull,Red Bull,3,20.0,8.666666666666666,10.2,0.0,9.0,7.8,8.8,6.818181818181818,11.0,1.0,3.0,3.0,2.333333333333333,1.0,3,1,2.0,1:45.930,1:45.589,1:44.678,1,2.0,3.0,qualifying,1,3.3727574206351174
2026,10,Belgian Grand Prix,2026-07-19,spa,Circuit de Spa-Francorchamps,hulkenberg,HUL,Nico Hülkenberg,audi,Audi,27,22.0,18.0,15.8,0.0,0.0,12.2,1.6,12.88888888888889,9.0,12.0,17.0,8.0,12.333333333333334,8.0,3,1,14.0,1:46.893,1:46.671,,1,12.0,13.0,qualifying,1,13.934762470182642
2026,10,Belgian Grand Prix,2026-07-19,spa,Circuit de Spa-Francorchamps,bearman,BEA,Oliver Bearman,haas,Haas F1 Team,87,12.0,14.333333333333334,14.6,0.0,0.2,13.6,0.0,11.0,1.0,13.0,12.0,14.0,13.0,12.0,3,1,16.0,1:47.113,1:46.779,,1,14.0,14.0,qualifying,1,12.13591904149751
2026,10,Belgian Grand Prix,2026-07-19,spa,Circuit de Spa-Francorchamps,piastri,PIA,Oscar Piastri,mclaren,McLaren,81,11.0,6.666666666666667,7.2,0.0,6.4,6.6,7.2,7.666666666666667,3.0,5.0,6.0,7.0,6.0,5.0,3,1,7.0,1:46.433,1:45.671,1:45.016,1,6.0,5.0,qualifying,1,6.904559242165034
2026,10,Belgian Grand Prix,2026-07-19,spa,Circuit de Spa-Francorchamps,gasly,GAS,Pierre Gasly,alpine,Alpine F1 Team,10,10.0,10.0,8.2,1.0,5.2,11.4,0.8,9.375,8.0,17.0,18.0,15.0,16.666666666666668,15.0,3,1,12.0,1:46.679,1:46.331,,1,10.0,11.0,qualifying,1,11.841155149434075
2026,10,Belgian Grand Prix,2026-07-19,spa,Circuit de Spa-Francorchamps,perez,PER,Sergio Pérez,cadillac,Cadillac F1 Team,11,14.0,16.333333333333332,16.2,0.0,0.0,18.2,0.0,7.818181818181818,11.0,19.0,20.0,20.0,19.666666666666668,19.0,3,1,20.0,1:47.971,,,1,18.0,21.0,qualifying,1,15.633870230576022
2026,10,Belgian Grand Prix,2026-07-19,spa,Circuit de Spa-Francorchamps,bottas,BOT,Valtteri Bottas,cadillac,Cadillac F1 Team,77,16.0,19.666666666666668,19.2,0.0,0.0,17.4,0.0,8.363636363636363,11.0,18.0,19.0,17.0,18.0,17.0,3,1,19.0,1:47.823,,,1,17.0,18.0,qualifying,1,16.181547733092252
2026,11,Hungarian Grand Prix,2026-07-26,hungaroring,Hungaroring,albon,ALB,Alexander Albon,williams,Williams,23,15.0,17.666666666666668,15.8,0.0,0.8,17.8,0.0,12.0,6.0,15.0,16.0,21.0,17.333333333333332,15.0,3,1,19.0,1:20.658,,,1,19.0,17.0,qualifying,1,16.16392863509199
2026,11,Hungarian Grand Prix,2026-07-26,hungaroring,Hungaroring,antonelli,ANT,Andrea Kimi Antonelli,mercedes,Mercedes,12,1.0,6.333333333333333,7.2,25.0,13.0,8.2,13.6,10.0,1.0,,13.0,3.0,8.0,3.0,2,1,4.0,1:18.726,1:18.393,1:17.479,1,7.0,3.0,qualifying,1,5.60016459265998
2026,11,Hungarian Grand Prix,2026-07-26,hungaroring,Hungaroring,arvid_lindblad,LIN,Arvid Lindblad,rb,RB F1 Team,41,9.0,8.666666666666666,8.4,2.0,3.4,8.6,3.6,,0.0,9.0,10.0,13.0,10.666666666666666,9.0,3,1,9.0,1:19.233,1:18.360,1:18.281,1,9.0,10.0,qualifying,1,11.182640519054976
2026,11,Hungarian Grand Prix,2026-07-26,hungaroring,Hungaroring,sainz,SAI,Carlos Sainz,williams,Williams,55,16.0,17.666666666666668,16.2,0.0,0.0,17.2,0.0,8.181818181818182,11.0,22.0,17.0,20.0,19.666666666666668,17.0,3,1,18.0,1:20.621,,,1,18.0,18.0,qualifying,1,16.354531763799024
2026,11,Hungarian Grand Prix,2026-07-26,hungaroring,Hungaroring,leclerc,LEC,Charles Leclerc,ferrari,Ferrari,16,2.0,3.6666666666666665,8.6,18.0,9.4,3.0,16.0,9.25,8.0,1.0,2.0,4.0,2.333333333333333,1.0,3,1,3.0,1:18.984,1:17.626,1:17.445,1,2.0,4.0,qualifying,1,3.8436195984920936
2026,11,Hungarian Grand Prix,2026-07-26,hungaroring,Hungaroring,ocon,OCO,Esteban Ocon,haas,Haas F1 Team,31,17.0,15.333333333333334,13.6,0.0,0.4,15.0,0.0,12.375,8.0,12.0,12.0,15.0,13.0,12.0,3,1,15.0,1:20.010,1:19.734,,1,15.0,16.0,qualifying,1,13.929956873987596
2026,11,Hungarian Grand Prix,2026-07-26,hungaroring,Hungaroring,alonso,ALO,Fernando Alonso,aston_martin,Aston Martin,14,19.0,18.33333333333333,16.8,0.0,0.2,19.0,0.0,6.5,10.0,13.0,19.0,17.0,16.333333333333332,13.0,3,1,16.0,1:20.126,1:19.808,,1,16.0,14.0,qualifying,1,14.703375120204026
2026,11,Hungarian Grand Prix,2026-07-26,hungaroring,Hungaroring,colapinto,COL,Franco Colapinto,alpine,Alpine F1 Team,43,10.0,11.333333333333334,11.6,1.0,0.8,10.6,0.8,18.0,1.0,,21.0,14.0,17.5,14.0,2,1,13.0,1:19.771,1:19.027,,1,13.0,15.0,qualifying,1,14.528155844299697
2026,11,Hungarian Grand Prix,2026-07-26,hungaroring,Hungaroring,bortoleto,BOR,Gabriel Bortoleto,audi,Audi,5,8.0,9.0,9.8,4.0,1.6,12.6,1.6,6.0,1.0,6.0,11.0,11.0,9.333333333333334,6.0,3,1,14.0,1:19.069,1:19.105,,1,14.0,11.0,qualifying,1,12.35290462361673
2026,11,Hungarian Grand Prix,2026-07-26,hungaroring,Hungaroring,russell,RUS,George Russell,mercedes,Mercedes,63,22.0,8.333333333333334,7.8,0.0,12.2,8.6,11.6,8.857142857142858,7.0,5.0,5.0,6.0,5.333333333333333,5.0,3,1,7.0,1:18.856,1:18.445,1:17.760,1,6.0,7.0,qualifying,1,5.907424995855675
2026,11,Hungarian Grand Prix,2026-07-26,hungaroring,Hungaroring,hadjar,HAD,Isack Hadjar,red_bull,Red Bull,6,6.0,5.666666666666667,5.4,8.0,9.2,7.2,10.2,11.0,1.0,4.0,6.0,8.0,6.0,4.0,3,1,8.0,1:18.754,1:17.872,1:17.856,1,8.0,6.0,qualifying,1,6.681139970283501
2026,11,Hungarian Grand Prix,2026-07-26,hungaroring,Hungaroring,stroll,STR,Lance Stroll,aston_martin,Aston Martin,18,20.0,19.33333333333333,19.6,0.0,0.0,18.0,0.0,12.11111111111111,9.0,21.0,,18.0,19.5,18.0,2,1,20.0,1:20.659,,,1,20.0,13.0,qualifying,1,16.35951509062481
2026,11,Hungarian Grand Prix,2026-07-26,hungaroring,Hungaroring,norris,NOR,Lando Norris,mclaren,McLaren,1,7.0,6.0,8.0,6.0,7.8,6.2,8.0,7.0,7.0,11.0,3.0,1.0,5.0,1.0,3,1,1.0,1:18.277,1:17.456,1:17.207,1,1.0,1.0,qualifying,1,3.1878995886385533
2026,11,Hungarian Grand Prix,2026-07-26,hungaroring,Hungaroring,hamilton,HAM,Lewis Hamilton,ferrari,Ferrari,44,4.0,4.0,3.0,12.0,16.0,3.6,14.8,3.333333333333333,12.0,3.0,1.0,2.0,2.0,1.0,3,1,2.0,1:18.730,1:17.803,1:17.219,1,5.0,5.0,qualifying,1,3.9806019062551043
2026,11,Hungarian Grand Prix,2026-07-26,hungaroring,Hungaroring,lawson,LAW,Liam Lawson,rb,RB F1 Team,30,12.0,9.0,8.2,0.0,4.4,8.8,3.4,8.0,1.0,10.0,7.0,9.0,8.666666666666666,7.0,3,1,11.0,1:19.161,1:18.765,,1,11.0,8.0,qualifying,1,12.307875810419823
2026,11,Hungarian Grand Prix,2026-07-26,hungaroring,Hungaroring,max_verstappen,VER,Max Verstappen,red_bull,Red Bull,3,3.0,8.333333333333334,10.2,15.0,9.0,8.0,8.2,5.636363636363637,11.0,2.0,4.0,7.0,4.333333333333333,2.0,3,1,6.0,1:18.656,1:18.249,1:17.725,1,4.0,2.0,qualifying,1,5.056449229104932
2026,11,Hungarian Grand Prix,2026-07-26,hungaroring,Hungaroring,hulkenberg,HUL,Nico Hülkenberg,audi,Audi,27,13.0,15.666666666666666,16.0,0.0,0.0,12.4,1.6,14.555555555555555,9.0,8.0,9.0,10.0,9.0,8.0,3,1,10.0,1:18.796,1:18.639,1:18.686,1,10.0,9.0,qualifying,1,12.351917794420633
2026,11,Hungarian Grand Prix,2026-07-26,hungaroring,Hungaroring,bearman,BEA,Oliver Bearman,haas,Haas F1 Team,87,14.0,13.333333333333334,15.4,0.0,0.0,14.4,0.0,20.0,1.0,,15.0,16.0,15.5,15.0,2,1,17.0,1:20.233,,,1,17.0,19.0,qualifying,1,12.80775556776817
2026,11,Hungarian Grand Prix,2026-07-26,hungaroring,Hungaroring,piastri,PIA,Oscar Piastri,mclaren,McLaren,81,5.0,6.666666666666667,6.0,10.0,8.4,5.6,10.6,2.6666666666666665,3.0,,8.0,5.0,6.5,5.0,2,1,5.0,1:18.891,1:17.928,1:17.684,1,3.0,20.0,qualifying,1,5.230780135004859
2026,11,Hungarian Grand Prix,2026-07-26,hungaroring,Hungaroring,gasly,GAS,Pierre Gasly,alpine,Alpine F1 Team,10,11.0,11.333333333333334,8.8,0.0,4.4,11.0,0.8,13.5,8.0,14.0,14.0,12.0,13.333333333333334,12.0,3,1,12.0,1:19.741,1:18.844,,1,12.0,12.0,qualifying,1,12.383702373290252
2026,11,Hungarian Grand Prix,2026-07-26,hungaroring,Hungaroring,perez,PER,Sergio Pérez,cadillac,Cadillac F1 Team,11,21.0,18.666666666666668,17.0,0.0,0.0,18.2,0.0,11.0,11.0,18.0,20.0,22.0,20.0,18.0,3,1,22.0,1:21.322,,,1,22.0,21.0,qualifying,1,14.598135113025114
2026,11,Hungarian Grand Prix,2026-07-26,hungaroring,Hungaroring,bottas,BOT,Valtteri Bottas,cadillac,Cadillac F1 Team,77,18.0,18.666666666666668,19.6,0.0,0.0,18.0,0.0,10.272727272727272,11.0,,18.0,19.0,18.5,18.0,2,1,21.0,1:20.886,,,1,21.0,22.0,qualifying,1,15.972935208136509
2026,12,Dutch Grand Prix,2026-08-23,zandvoort,Circuit Park Zandvoort,albon,ALB,Alexander Albon,williams,Williams,23,17.0,17.666666666666668,17.6,0.0,0.0,16.6,0.0,9.75,4.0,19.0,,,19.0,19.0,1,1,16.0,1:13.552,1:13.182,,1,16.0,17.0,qualifying,1,15.585125865288616
2026,12,Dutch Grand Prix,2026-08-23,zandvoort,Circuit Park Zandvoort,antonelli,ANT,Andrea Kimi Antonelli,mercedes,Mercedes,12,3.0,6.333333333333333,7.6,15.0,11.0,7.0,12.8,16.0,1.0,1.0,,,1.0,1.0,1,1,3.0,1:13.022,1:11.915,1:11.296,1,3.0,2.0,qualifying,1,5.125722838185944
2026,12,Dutch Grand Prix,2026-08-23,zandvoort,Circuit Park Zandvoort,arvid_lindblad,LIN,Arvid Lindblad,rb,RB F1 Team,41,10.0,8.666666666666666,9.0,1.0,2.4,9.0,3.0,,0.0,10.0,,,10.0,10.0,1,1,10.0,1:13.074,1:12.525,1:12.185,1,10.0,12.0,qualifying,1,11.948426224399768
2026,12,Dutch Grand Prix,2026-08-23,zandvoort,Circuit Park Zandvoort,sainz,SAI,Carlos Sainz,williams,Williams,55,18.0,17.0,16.6,0.0,0.0,16.6,0.0,7.6,5.0,22.0,,,22.0,22.0,1,1,17.0,1:13.574,,,1,17.0,16.0,qualifying,1,15.75370097399994
2026,12,Dutch Grand Prix,2026-08-23,zandvoort,Circuit Park Zandvoort,leclerc,LEC,Charles Leclerc,ferrari,Ferrari,16,4.0,2.333333333333333,6.0,12.0,11.8,3.8,12.8,9.8,5.0,5.0,,,5.0,5.0,1,1,6.0,1:13.064,1:11.910,1:11.558,1,6.0,5.0,qualifying,1,6.0976105566448755
2026,12,Dutch Grand Prix,2026-08-23,zandvoort,Circuit Park Zandvoort,ocon,OCO,Esteban Ocon,haas,Haas F1 Team,31,16.0,15.333333333333334,15.0,0.0,0.0,17.4,0.0,10.6,5.0,16.0,,,16.0,16.0,1,1,15.0,1:13.544,1:13.137,,1,15.0,19.0,qualifying,1,14.894796190186236
2026,12,Dutch Grand Prix,2026-08-23,zandvoort,Circuit Park Zandvoort,alonso,ALO,Fernando Alonso,aston_martin,Aston Martin,14,14.0,17.0,17.6,0.0,0.0,17.0,0.0,6.4,5.0,12.0,,,12.0,12.0,1,1,18.0,1:13.650,,,1,18.0,9.0,qualifying,1,13.066678261760476
2026,12,Dutch Grand Prix,2026-08-23,zandvoort,Circuit Park Zandvoort,colapinto,COL,Franco Colapinto,alpine,Alpine F1 Team,43,15.0,11.333333333333334,11.8,0.0,0.8,11.6,0.4,11.0,1.0,13.0,,,13.0,13.0,1,1,14.0,1:13.322,1:12.800,,1,14.0,14.0,qualifying,1,13.825740976876105
2026,12,Dutch Grand Prix,2026-08-23,zandvoort,Circuit Park Zandvoort,bortoleto,BOR,Gabriel Bortoleto,audi,Audi,5,11.0,9.0,9.8,0.0,1.6,12.6,1.2,15.0,1.0,9.0,,,9.0,9.0,1,1,9.0,1:13.142,1:12.433,1:12.079,1,9.0,13.0,qualifying,1,10.809383855598949
2026,12,Dutch Grand Prix,2026-08-23,zandvoort,Circuit Park Zandvoort,russell,RUS,George Russell,mercedes,Mercedes,63,7.0,10.333333333333334,6.8,6.0,13.4,7.0,12.8,9.4,5.0,3.0,,,3.0,3.0,1,1,2.0,1:12.924,1:11.959,1:11.265,1,2.0,3.0,qualifying,1,3.7506404090123118
2026,12,Dutch Grand Prix,2026-08-23,zandvoort,Circuit Park Zandvoort,stroll,STR,Lance Stroll,aston_martin,Aston Martin,18,13.0,17.333333333333332,18.6,0.0,0.0,15.0,0.4,10.6,5.0,18.0,,,18.0,18.0,1,1,19.0,1:13.818,,,1,19.0,20.0,qualifying,1,14.768818196113084
2026,12,Dutch Grand Prix,2026-08-23,zandvoort,Circuit Park Zandvoort,norris,NOR,Lando Norris,mclaren,McLaren,1,1.0,4.0,4.4,25.0,12.8,8.8,8.2,8.6,5.0,2.0,,,2.0,2.0,1,1,1.0,1:12.695,1:11.628,1:11.163,1,1.0,1.0,qualifying,1,2.7986261125769243
2026,12,Dutch Grand Prix,2026-08-23,zandvoort,Circuit Park Zandvoort,hamilton,HAM,Lewis Hamilton,ferrari,Ferrari,44,5.0,4.0,3.6,10.0,14.4,3.2,15.4,8.0,5.0,4.0,,,4.0,4.0,1,1,5.0,1:12.673,1:11.970,1:11.494,1,5.0,4.0,qualifying,1,5.2515724361466685
2026,12,Dutch Grand Prix,2026-08-23,zandvoort,Circuit Park Zandvoort,lawson,LAW,Liam Lawson,red_bull,Red Bull,30,8.0,8.666666666666666,8.6,4.0,3.6,7.4,9.8,12.5,2.0,14.0,,,14.0,14.0,1,1,8.0,1:13.392,1:12.301,1:11.733,1,8.0,7.0,qualifying,1,10.255581053344308
2026,12,Dutch Grand Prix,2026-08-23,zandvoort,Circuit Park Zandvoort,max_verstappen,VER,Max Verstappen,red_bull,Red Bull,3,2.0,8.333333333333334,6.2,18.0,12.6,4.8,11.0,1.4,5.0,11.0,,,11.0,11.0,1,1,7.0,1:13.290,1:11.874,1:11.618,1,7.0,22.0,qualifying,1,8.835084484275866
2026,12,Dutch Grand Prix,2026-08-23,zandvoort,Circuit Park Zandvoort,hulkenberg,HUL,Nico Hülkenberg,audi,Audi,27,9.0,14.666666666666666,15.2,2.0,0.4,10.8,1.2,12.333333333333334,3.0,7.0,,,7.0,7.0,1,1,13.0,1:13.188,1:12.797,,1,13.0,8.0,qualifying,1,12.734722188164872
2026,12,Dutch Grand Prix,2026-08-23,zandvoort,Circuit Park Zandvoort,bearman,BEA,Oliver Bearman,haas,Haas F1 Team,87,19.0,15.0,15.2,0.0,0.0,15.8,0.0,6.0,1.0,15.0,,,15.0,15.0,1,1,20.0,1:13.826,,,1,20.0,21.0,qualifying,1,14.692767619114626
2026,12,Dutch Grand Prix,2026-08-23,zandvoort,Circuit Park Zandvoort,piastri,PIA,Oscar Piastri,mclaren,McLaren,81,20.0,12.0,9.0,0.0,6.4,6.8,13.2,4.666666666666667,3.0,6.0,,,6.0,6.0,1,1,4.0,1:12.610,1:11.641,1:11.305,1,4.0,6.0,qualifying,1,5.540629197090993
2026,12,Dutch Grand Prix,2026-08-23,zandvoort,Circuit Park Zandvoort,gasly,GAS,Pierre Gasly,alpine,Alpine F1 Team,10,12.0,11.0,10.6,0.0,1.4,12.4,0.2,8.8,5.0,8.0,,,8.0,8.0,1,1,11.0,1:13.115,1:12.616,,1,11.0,10.0,qualifying,1,11.667505396922722
2026,12,Dutch Grand Prix,2026-08-23,zandvoort,Circuit Park Zandvoort,perez,PER,Sergio Pérez,cadillac,Cadillac F1 Team,11,21.0,18.666666666666668,18.2,0.0,0.0,20.0,0.0,5.75,4.0,21.0,,,21.0,21.0,1,1,22.0,1:14.600,,,1,22.0,15.0,qualifying,1,15.954770463820129
2026,12,Dutch Grand Prix,2026-08-23,zandvoort,Circuit Park Zandvoort,bottas,BOT,Valtteri Bottas,cadillac,Cadillac F1 Team,77,22.0,18.666666666666668,19.8,0.0,0.0,19.2,0.0,13.75,4.0,20.0,,,20.0,20.0,1,1,21.0,1:14.371,,,1,21.0,18.0,qualifying,1,16.344523291314815
2026,12,Dutch Grand Prix,2026-08-23,zandvoort,Circuit Park Zandvoort,tsunoda,TSU,Yuki Tsunoda,rb,RB F1 Team,22,14.0,12.0,12.8,0.0,0.2,10.2,1.4,16.0,5.0,17.0,,,17.0,17.0,1,1,12.0,1:13.085,1:12.627,,1,12.0,11.0,qualifying,1,13.799022073051816
