season,round,race_id,session,session_time,weather_observations,temperature_avg,temperature_min,temperature_max,humidity_avg,precipitation_total,rain_hours,rain_flag,wind_speed_avg,wind_speed_max,wind_direction_avg,cloud_cover_avg
2024,1,1102,fp1,2024-02-29 11:30:00,4,19.299999999999997,18.7,19.6,41.75,0.0,0,0,33.15,34.1,322.7507299444592,0.0
2024,1,1102,fp2,2024-02-29 15:00:00,5,18.520000000000003,17.2,19.5,36.6,0.0,0,0,33.779999999999994,35.3,333.4003755533627,0.0
2024,1,1102,fp3,2024-03-01 12:30:00,4,20.0,19.4,20.3,38.75,0.0,0,0,28.450000000000003,29.8,327.52591964010304,2.0
2024,1,1102,qualifying,2024-03-01 16:00:00,5,18.98,17.5,20.1,44.4,0.0,0,0,24.579999999999995,28.2,345.0029313503816,1.2
2024,2,1103,fp1,2024-03-07 13:30:00,4,29.975,29.7,30.3,32.5,0.0,0,0,29.725,33.2,317.49980948352555,0.0
2024,2,1103,fp2,2024-03-07 17:00:00,5,27.78,25.0,29.7,39.0,0.0,0,0,32.06,34.6,323.80026105326374,0.0
2024,2,1103,fp3,2024-03-08 13:30:00,4,28.575,28.3,28.8,39.75,0.0,0,0,27.575,30.3,316.9997714557178,0.0
2024,2,1103,qualifying,2024-03-08 17:00:00,5,26.520000000000003,24.3,28.3,51.0,0.0,0,0,27.919999999999998,30.9,322.9977989000625,0.0
2024,3,1104,fp1,2024-03-22 01:30:00,4,9.350000000000001,8.2,11.3,89.0,0.0,0,0,4.75,5.2,68.71835152008646,0.0
2024,3,1104,fp2,2024-03-22 05:00:00,5,8.239999999999998,7.6,9.4,91.6,0.0,0,0,5.779999999999999,8.9,18.133501317641574,5.8
2024,3,1104,fp3,2024-03-23 01:30:00,4,14.075000000000001,13.7,14.8,77.0,0.0,0,0,7.425000000000001,7.9,115.50034341841283,98.5
2024,3,1104,qualifying,2024-03-23 05:00:00,5,13.459999999999999,13.0,13.9,82.6,0.0,0,0,8.16,9.1,116.20489232327878,83.2
2024,4,1105,fp1,2024-04-05 02:30:00,4,10.125,9.5,10.7,70.5,0.0,0,0,11.850000000000001,12.6,290.2499952402622,45.25
2024,4,1105,fp2,2024-04-05 06:00:00,5,10.06,8.9,12.1,71.0,0.0,0,0,9.92,11.2,287.59979520347713,91.4
2024,4,1105,fp3,2024-04-06 02:30:00,4,12.450000000000001,11.6,12.9,88.0,0.0,0,0,1.9,3.2,62.0,86.5
2024,4,1105,qualifying,2024-04-06 06:00:00,5,11.32,10.1,13.1,92.6,0.0,0,0,3.5200000000000005,5.5,350.6968172431736,96.2
2024,5,1106,fp1,2024-04-19 03:30:00,4,11.025,10.8,11.2,78.25,0.0,0,0,11.475000000000001,14.0,131.9839757072179,100.0
2024,5,1106,sprint_qualifying,2024-04-19 07:30:00,4,14.275,11.1,17.9,70.5,0.0,0,0,17.425,20.5,118.25131032475474,99.5
2024,5,1106,sprint,2024-04-20 03:00:00,5,18.06,17.6,18.3,89.8,0.1,1,1,17.12,21.0,222.6117787705383,94.2
2024,5,1106,qualifying,2024-04-20 07:00:00,5,18.12,17.7,18.7,87.6,0.1,1,1,18.8,22.4,269.4217949074249,95.8
2024,6,1107,fp1,2024-05-03 16:30:00,4,27.299999999999997,26.6,27.9,63.5,0.5,4,1,18.45,19.1,84.2501285847348,17.25
2024,6,1107,sprint_qualifying,2024-05-03 20:30:00,4,24.349999999999998,23.3,25.7,76.25,0.0,0,0,13.575000000000001,17.8,70.49034549504202,18.5
2024,6,1107,sprint,2024-05-04 16:00:00,5,27.82,26.6,28.5,60.4,0.5,2,1,18.18,18.5,100.80041933089211,21.0
2024,6,1107,qualifying,2024-05-04 20:00:00,5,25.04,23.7,26.6,74.0,0.0,0,0,12.600000000000001,18.0,98.81073479384251,14.8
2024,7,1108,fp1,2024-05-17 11:30:00,4,20.575000000000003,19.3,21.6,51.0,0.0,0,0,18.775,23.0,220.49999999999997,12.75
2024,7,1108,fp2,2024-05-17 15:00:00,5,22.4,21.6,22.9,43.2,0.0,0,0,17.82,23.0,226.20164183147284,5.2
2024,7,1108,fp3,2024-05-18 10:30:00,4,19.525000000000002,17.6,21.2,59.75,0.0,0,0,5.550000000000001,6.6,24.76230008292473,3.5
2024,7,1108,qualifying,2024-05-18 14:00:00,5,22.54,21.2,23.6,51.4,0.0,0,0,7.82,11.3,71.07286413442803,28.6
2024,8,1109,fp1,2024-05-24 11:30:00,4,19.35,19.0,19.6,75.25,0.0,0,0,10.2,12.0,197.29433045866628,57.5
2024,8,1109,fp2,2024-05-24 15:00:00,5,19.18,18.8,19.5,80.8,0.2,2,1,9.219999999999999,10.4,194.33005494501916,89.6
2024,8,1109,fp3,2024-05-25 10:30:00,4,18.35,17.7,18.7,78.0,0.0,0,0,9.4,11.5,122.5351373172523,30.75
2024,8,1109,qualifying,2024-05-25 14:00:00,5,19.259999999999998,18.6,19.8,75.0,0.0,0,0,8.56,9.4,137.18191414543145,55.4
2024,9,1110,fp1,2024-06-07 17:30:00,4,20.625,19.9,21.6,63.0,0.5,2,1,16.825,20.7,222.5,81.0
2024,9,1110,fp2,2024-06-07 21:00:00,5,17.66,16.2,19.9,79.8,0.3,1,1,13.12,16.8,227.61402909197363,80.8
2024,9,1110,fp3,2024-06-08 16:30:00,4,19.85,18.2,20.8,66.75,1.6,3,1,23.65,25.3,252.75011902970223,93.0
2024,9,1110,qualifying,2024-06-08 20:00:00,5,17.76,17.0,18.3,80.6,1.2000000000000002,2,1,19.860000000000003,22.6,252.20184899039452,81.0
2024,10,1111,fp1,2024-06-21 11:30:00,4,23.049999999999997,20.9,25.0,56.25,0.0,0,0,9.175,10.3,283.186785272336,0.0
2024,10,1111,fp2,2024-06-21 15:00:00,5,24.560000000000002,22.0,26.0,52.2,0.1,1,1,12.2,20.0,178.37007975242366,8.6
2024,10,1111,fp3,2024-06-22 10:30:00,4,22.725,20.7,24.9,68.75,0.0,0,0,4.3,6.3,181.7061678417583,39.75
2024,10,1111,qualifying,2024-06-22 14:00:00,5,24.199999999999996,22.3,25.9,65.0,0.7,3,1,12.440000000000001,18.3,166.30336050703235,53.6
2024,11,1112,fp1,2024-06-28 10:30:00,4,24.3,22.1,26.3,59.0,0.0,0,0,2.775,3.9,278.9334274730826,47.5
2024,11,1112,sprint_qualifying,2024-06-28 14:30:00,4,27.025,26.6,27.5,48.25,0.0,0,0,3.0999999999999996,4.8,354.5550968953668,43.0
2024,11,1112,sprint,2024-06-29 10:00:00,5,25.439999999999998,20.4,29.4,60.4,0.0,0,0,2.68,4.1,256.8285912964761,19.2
2024,11,1112,qualifying,2024-06-29 14:00:00,5,29.22,28.2,30.3,49.0,0.3,1,1,6.62,10.6,221.01817098408372,77.0
2024,12,1113,fp1,2024-07-05 11:30:00,4,15.95,14.3,17.7,73.25,0.1,1,1,4.550000000000001,5.4,264.78707578223737,100.0
2024,12,1113,fp2,2024-07-05 15:00:00,5,18.32,17.5,19.3,62.0,0.30000000000000004,3,1,9.86,12.7,248.26710798034122,95.8
2024,12,1113,fp3,2024-07-06 10:30:00,4,11.874999999999998,11.1,12.4,79.25,1.4000000000000004,4,1,22.175,24.2,282.48851597699047,96.25
2024,12,1113,qualifying,2024-07-06 14:00:00,5,12.920000000000002,12.4,13.9,70.8,1.6,2,1,26.02,27.4,275.40046103852285,91.8
2024,13,1114,fp1,2024-07-19 11:30:00,4,28.85,27.6,29.9,48.75,0.0,0,0,5.125,7.0,59.24949875095082,16.75
2024,13,1114,fp2,2024-07-19 15:00:00,5,30.339999999999996,29.9,30.9,41.8,0.1,1,1,3.3,4.7,14.832634223625332,25.8
2024,13,1114,fp3,2024-07-20 10:30:00,4,26.625000000000004,24.6,28.2,49.5,0.0,0,0,7.575,8.4,2.491701744328979,98.75
2024,13,1114,qualifying,2024-07-20 14:00:00,5,25.74,22.2,28.4,55.0,2.6,2,1,7.019999999999999,8.7,306.37696966096905,100.0
2024,14,1115,fp1,2024-07-26 11:30:00,4,19.425000000000004,17.3,21.1,80.0,0.2,2,1,17.275,17.9,254.50015234351304,65.0
2024,14,1115,fp2,2024-07-26 15:00:00,5,21.04,20.7,21.3,72.8,0.7,4,1,14.639999999999997,16.7,258.1929713827991,84.8
2024,14,1115,fp3,2024-07-27 10:30:00,4,18.925,18.0,19.7,87.0,0.30000000000000004,2,1,7.6,9.7,203.33355192158584,100.0
2024,14,1115,qualifying,2024-07-27 14:00:00,5,19.06,18.0,19.8,85.2,3.7,4,1,10.8,11.7,253.16315191688483,100.0
2024,15,1116,fp1,2024-08-23 10:30:00,4,20.05,19.7,20.3,80.25,2.0,2,1,45.725,54.9,210.43693047325382,100.0
2024,15,1116,fp2,2024-08-23 14:00:00,5,20.119999999999997,19.7,20.5,77.0,1.9000000000000001,2,1,45.06,54.9,243.01527418683895,38.6
2024,15,1116,fp3,2024-08-24 09:30:00,4,18.75,16.9,20.0,90.0,3.5000000000000004,3,1,26.7,32.8,169.05872285925454,87.5
2024,15,1116,qualifying,2024-08-24 13:00:00,5,21.880000000000003,20.0,22.8,76.4,0.0,0,0,31.660000000000004,35.3,194.81499820158498,77.6
2024,16,1117,fp1,2024-08-30 11:30:00,4,30.125,28.0,31.7,48.25,0.0,0,0,3.25,6.7,225.26436978446344,7.25
2024,16,1117,fp2,2024-08-30 15:00:00,5,31.939999999999998,31.7,32.2,41.6,0.0,0,0,6.92,9.0,220.797783346462,1.8
2024,16,1117,fp3,2024-08-31 10:30:00,4,29.125,26.9,30.9,51.25,0.0,0,0,4.875,6.6,122.73919193035128,100.0
2024,16,1117,qualifying,2024-08-31 14:00:00,5,31.5,30.9,32.0,43.4,0.0,0,0,6.82,7.7,182.8540047770936,100.0
2024,17,1118,fp1,2024-09-13 09:30:00,4,27.15,24.7,29.3,47.0,0.0,0,0,17.175,17.6,33.85834758830685,18.0
2024,17,1118,fp2,2024-09-13 13:00:00,5,29.98,29.3,30.5,26.0,0.0,0,0,18.119999999999997,19.4,57.39926247304995,63.4
2024,17,1118,fp3,2024-09-14 08:30:00,4,24.4,21.7,26.9,51.0,0.0,0,0,12.875,13.7,51.40832942677309,25.25
2024,17,1118,qualifying,2024-09-14 12:00:00,5,28.380000000000003,26.9,29.0,27.4,0.0,0,0,15.62,17.1,86.80223134108319,18.4
2024,18,1119,fp1,2024-09-20 09:30:00,4,29.075,28.1,29.8,76.75,0.30000000000000004,2,1,10.575,13.0,169.50462057002608,100.0
2024,18,1119,fp2,2024-09-20 13:00:00,5,30.439999999999998,29.8,30.7,68.6,0.4,4,1,15.279999999999998,18.4,181.4039801637532,100.0
2024,18,1119,fp3,2024-09-21 09:30:00,4,27.450000000000003,25.8,28.6,84.0,0.2,2,1,9.475000000000001,13.3,179.3545349177977,100.0
2024,18,1119,qualifying,2024-09-21 13:00:00,5,28.9,28.6,29.2,76.6,0.0,0,0,12.320000000000002,13.3,170.20302958495807,100.0
2024,19,1120,fp1,2024-10-18 17:30:00,4,27.25,26.1,27.9,39.0,0.0,0,0,20.45,22.7,133.50000000000003,46.25
2024,19,1120,sprint_qualifying,2024-10-18 21:30:00,4,22.5,21.2,23.6,63.5,0.2,1,1,19.675,22.2,123.75090036743023,14.0
2024,19,1120,sprint,2024-10-19 18:00:00,5,27.939999999999998,25.4,29.8,34.6,0.0,0,0,14.540000000000001,17.1,94.20418290076303,10.4
2024,19,1120,qualifying,2024-10-19 22:00:00,5,23.559999999999995,21.9,25.4,46.4,0.0,0,0,13.919999999999998,15.5,106.14827066695958,1.2
2024,20,1121,fp1,2024-10-25 18:30:00,4,17.8,15.3,20.9,55.0,0.0,0,0,14.950000000000001,18.3,313.7603512752845,3.25
2024,20,1121,fp2,2024-10-25 22:00:00,5,13.479999999999999,12.1,15.3,78.2,0.1,1,1,12.919999999999998,15.4,288.98352298389915,35.2
2024,20,1121,fp3,2024-10-26 17:30:00,4,18.95,15.6,21.4,53.75,0.0,0,0,15.649999999999999,19.7,297.7432963228375,45.0
2024,20,1121,qualifying,2024-10-26 21:00:00,5,14.219999999999999,13.5,15.6,74.8,0.0,0,0,16.759999999999998,20.1,303.9356721594233,44.0
2024,21,1122,fp1,2024-11-01 14:30:00,4,23.875,21.5,26.4,69.25,0.5,2,1,16.5,20.9,124.0778057886116,78.25
2024,21,1122,sprint_qualifying,2024-11-01 18:30:00,4,19.449999999999996,18.4,20.9,88.25,0.0,0,0,16.925,19.3,135.25256901922407,99.75
2024,21,1122,sprint,2024-11-02 14:00:00,5,23.439999999999998,21.6,27.4,75.8,5.8,4,1,8.82,20.7,118.38006557422781,100.0
2024,21,1122,qualifying,2024-11-03 10:30:00,4,21.25,20.8,21.9,86.25,2.2,4,1,13.025,14.7,58.730405536980115,100.0
2024,22,1123,fp1,2024-11-22 02:30:00,4,7.65,7.3,8.1,20.75,0.0,0,0,3.125,4.2,270.004580652364,0.0
2024,22,1123,fp2,2024-11-22 06:00:00,5,5.06,3.3,7.3,24.0,0.0,0,0,1.94,2.2,292.384671180405,0.0
2024,22,1123,fp3,2024-11-23 02:30:00,4,6.975,5.9,8.2,30.5,0.0,0,0,2.525,3.5,29.249303975830973,80.25
2024,22,1123,qualifying,2024-11-23 06:00:00,5,4.779999999999999,3.5,5.9,40.0,0.0,0,0,3.46,4.5,16.744537411249667,54.2
2024,23,1124,fp1,2024-11-29 13:30:00,4,22.674999999999997,22.1,23.0,50.75,0.0,0,0,28.4,29.3,319.2499000099703,25.0
2024,23,1124,sprint_qualifying,2024-11-29 17:30:00,4,20.15,19.3,21.3,60.0,0.0,0,0,20.900000000000002,25.7,318.76088820288254,7.5
2024,23,1124,sprint,2024-11-30 14:00:00,5,22.9,21.9,23.7,50.4,0.0,0,0,28.0,29.2,319.5984773740609,9.4
2024,23,1124,qualifying,2024-11-30 18:00:00,5,20.7,19.9,21.9,59.6,0.0,0,0,22.92,28.0,325.79999268884194,0.0
2024,24,1125,fp1,2024-12-06 09:30:00,4,24.950000000000003,21.4,27.9,69.75,0.0,0,0,9.225,14.6,23.0562619047703,0.0
2024,24,1125,fp2,2024-12-06 13:00:00,5,28.4,27.9,28.8,46.6,0.0,0,0,17.1,18.2,348.7891943287418,0.0
2024,24,1125,fp3,2024-12-07 10:30:00,4,27.4,26.5,28.1,56.75,0.0,0,0,19.85,21.0,327.0034330439443,0.0
2024,24,1125,qualifying,2024-12-07 14:00:00,5,27.74,27.0,28.1,54.8,0.0,0,0,20.56,21.0,327.80248187884143,0.6
2025,1,1126,fp1,2025-03-14 01:30:00,4,15.925,15.1,16.8,88.25,0.0,0,0,3.7750000000000004,5.4,110.36536878290038,75.0
2025,1,1126,fp2,2025-03-14 05:00:00,5,14.34,13.8,15.1,93.6,0.0,0,0,4.319999999999999,5.4,8.97969727652334,100.0
2025,1,1126,fp3,2025-03-15 01:30:00,4,18.775000000000002,17.8,19.6,76.75,0.0,0,0,2.9,3.7,131.2651363144471,67.25
2025,1,1126,qualifying,2025-03-15 05:00:00,5,17.4,16.8,17.8,86.2,0.0,0,0,3.04,6.4,45.08404867124943,64.8
2025,2,1127,fp1,2025-03-21 03:30:00,4,9.775,9.4,10.3,61.0,0.0,0,0,10.7,10.9,237.2506438065026,0.0
2025,2,1127,sprint_qualifying,2025-03-21 07:30:00,4,12.05,9.0,16.4,57.25,0.0,0,0,11.8,12.3,239.50030477988622,0.0
2025,2,1127,sprint,2025-03-22 03:00:00,5,12.24,11.2,13.7,51.0,0.0,0,0,10.98,11.5,226.99908099937483,0.0
2025,2,1127,qualifying,2025-03-22 07:00:00,5,13.540000000000001,10.7,19.1,50.4,0.0,0,0,10.38,11.4,235.01136698106356,0.0
2025,3,1128,fp1,2025-04-04 02:30:00,4,7.95,7.7,8.1,78.25,0.0,0,0,14.200000000000001,15.1,300.5008008201158,34.5
2025,3,1128,fp2,2025-04-04 06:00:00,5,8.24,7.2,10.3,75.0,0.0,0,0,15.940000000000001,19.3,293.59748666185226,22.8
2025,3,1128,fp3,2025-04-05 02:30:00,4,5.2749999999999995,3.7,6.7,80.5,0.0,0,0,9.450000000000001,17.8,289.4574764319896,7.5
2025,3,1128,qualifying,2025-04-05 06:00:00,5,4.779999999999999,2.4,9.4,82.2,0.0,0,0,4.0600000000000005,7.2,281.1081459843322,83.4
2025,4,1129,fp1,2025-04-11 11:30:00,4,33.8,33.8,33.8,30.25,0.0,0,0,14.674999999999999,16.4,0.18929363210947978,3.0
2025,4,1129,fp2,2025-04-11 15:00:00,5,33.059999999999995,31.1,33.9,31.6,0.0,0,0,15.0,16.4,40.74604144455949,0.0
2025,4,1129,fp3,2025-04-12 12:30:00,4,36.875,36.4,37.5,21.0,0.0,0,0,3.6500000000000004,5.3,45.98247113305681,0.5
2025,4,1129,qualifying,2025-04-12 16:00:00,5,32.12,27.0,36.4,39.2,0.0,0,0,13.3,19.1,2.3986682971704685,5.8
2025,5,1130,fp1,2025-04-18 13:30:00,4,32.725,32.2,33.1,40.0,0.0,0,0,12.0,12.6,269.99794101057944,0.0
2025,5,1130,fp2,2025-04-18 17:00:00,5,30.840000000000003,29.2,32.2,42.4,0.0,0,0,7.9399999999999995,11.6,284.78002498649937,0.0
2025,5,1130,fp3,2025-04-19 13:30:00,4,34.25,33.7,34.8,36.5,0.0,0,0,11.525,12.3,258.7430131021905,0.0
2025,5,1130,qualifying,2025-04-19 17:00:00,5,32.08,30.1,33.7,41.6,0.0,0,0,7.779999999999999,11.0,286.0337564189567,1.0
2025,6,1131,fp1,2025-05-02 16:30:00,4,28.549999999999997,27.5,29.5,42.25,0.0,0,0,12.875,13.7,110.00091487408747,54.5
2025,6,1131,sprint_qualifying,2025-05-02 20:30:00,4,25.15,24.4,26.3,59.75,0.0,0,0,11.350000000000001,11.7,99.2516340830256,32.25
2025,6,1131,sprint,2025-05-03 16:00:00,5,28.160000000000004,26.2,29.6,55.0,2.1,3,1,10.84,13.6,158.56042729433514,64.6
2025,6,1131,qualifying,2025-05-03 20:00:00,5,25.619999999999997,24.8,26.3,69.8,1.0,2,1,6.540000000000001,8.2,134.8077557995183,42.8
2025,7,1132,fp1,2025-05-16 11:30:00,4,17.025,16.2,17.7,43.25,0.1,1,1,20.45,21.6,57.00801858208628,12.0
2025,7,1132,fp2,2025-05-16 15:00:00,5,17.86,17.7,18.1,38.6,0.0,0,0,16.3,20.7,58.19630367008527,1.4
2025,7,1132,fp3,2025-05-17 10:30:00,4,17.925,15.4,19.7,47.25,0.0,0,0,8.45,10.6,137.7424851893984,5.75
2025,7,1132,qualifying,2025-05-17 14:00:00,5,20.22,19.7,20.5,36.6,0.1,1,1,7.040000000000001,9.7,164.2536967003258,23.2
2025,8,1133,fp1,2025-05-23 11:30:00,4,21.225,20.6,21.7,39.25,0.0,0,0,7.4,11.1,163.6821937732879,29.0
2025,8,1133,fp2,2025-05-23 15:00:00,5,20.939999999999998,20.6,21.2,42.8,0.0,0,0,11.16,12.4,175.39113291790284,18.2
2025,8,1133,fp3,2025-05-24 10:30:00,4,19.425,19.0,19.7,58.0,0.0,0,0,11.075,14.3,126.26519826571636,40.25
2025,8,1133,qualifying,2025-05-24 14:00:00,5,20.02,19.6,20.8,59.4,0.30000000000000004,2,1,10.88,14.3,147.2653686607577,30.2
2025,9,1134,fp1,2025-05-30 11:30:00,4,27.650000000000002,26.4,28.8,42.5,0.0,0,0,8.325,8.7,129.8118802282317,3.5
2025,9,1134,fp2,2025-05-30 15:00:00,5,29.380000000000003,28.8,29.7,36.2,0.0,0,0,9.180000000000001,10.2,150.6006000961428,0.0
2025,9,1134,fp3,2025-05-31 10:30:00,4,24.7,22.2,26.8,55.75,0.0,0,0,4.75,7.6,142.01031800292807,0.0
2025,9,1134,qualifying,2025-05-31 14:00:00,5,27.7,26.8,28.5,45.8,0.0,0,0,8.700000000000001,9.6,140.61259867728896,24.6
2025,10,1135,fp1,2025-06-13 17:30:00,4,19.0,18.3,20.0,32.5,0.0,0,0,10.7,13.5,267.8269785936047,98.0
2025,10,1135,fp2,2025-06-13 21:00:00,5,16.8,15.3,18.3,44.6,0.0,0,0,4.5,5.6,340.6907926270754,100.0
2025,10,1135,fp3,2025-06-14 16:30:00,4,22.450000000000003,21.9,22.7,25.5,0.0,0,0,9.85,11.9,71.75655530781748,49.5
2025,10,1135,qualifying,2025-06-14 20:00:00,5,19.119999999999997,16.6,21.9,34.8,0.0,0,0,10.82,14.5,58.799223278398635,18.2
2025,11,1136,fp1,2025-06-27 11:30:00,4,23.75,21.5,25.4,58.25,0.30000000000000004,3,1,5.0,7.2,325.05193827833705,27.75
2025,11,1136,fp2,2025-06-27 15:00:00,5,25.939999999999998,25.4,26.3,46.8,0.2,2,1,9.5,11.4,325.39983897068157,55.2
2025,11,1136,fp3,2025-06-28 10:30:00,4,23.025,20.1,25.4,61.5,0.0,0,0,7.375,9.6,347.420608323807,40.25
2025,11,1136,qualifying,2025-06-28 14:00:00,5,26.96,25.4,28.0,43.8,0.0,0,0,11.04,13.0,338.39998537684636,21.0
2025,12,1137,fp1,2025-07-04 11:30:00,4,21.2,19.3,23.2,47.75,0.0,0,0,17.225,20.5,231.7502333693173,53.25
2025,12,1137,fp2,2025-07-04 15:00:00,5,23.58,23.2,24.0,37.0,0.0,0,0,24.060000000000002,26.0,238.40027799735418,51.8
2025,12,1137,fp3,2025-07-05 10:30:00,4,19.150000000000002,18.8,19.6,71.75,0.2,2,1,23.8,24.7,246.75348791717283,100.0
2025,12,1137,qualifying,2025-07-05 14:00:00,5,19.979999999999997,19.1,21.0,70.6,0.2,1,1,27.32,28.4,237.59997803277312,91.0
2025,13,1138,fp1,2025-07-25 10:30:00,4,18.8,17.4,20.1,79.5,0.30000000000000004,2,1,7.75,8.1,342.2501666669744,19.75
2025,13,1138,sprint_qualifying,2025-07-25 14:30:00,4,21.05,20.6,21.5,66.5,0.6,3,1,11.25,12.0,328.5,29.25
2025,13,1138,sprint,2025-07-26 10:00:00,5,17.979999999999997,15.2,20.2,80.0,0.0,0,0,7.359999999999999,9.2,339.68988920369827,67.4
2025,13,1138,qualifying,2025-07-26 14:00:00,5,21.46,20.2,22.2,59.4,0.1,1,1,8.22,12.1,315.19817464743073,69.2
2025,14,1139,fp1,2025-08-01 11:30:00,4,25.825,23.8,27.5,37.75,0.2,2,1,8.5,10.3,275.24988097029774,21.0
2025,14,1139,fp2,2025-08-01 15:00:00,5,27.9,27.5,28.5,31.0,0.2,2,1,9.7,13.0,255.81265807866453,40.6
2025,14,1139,fp3,2025-08-02 10:30:00,4,25.5,22.8,28.0,44.75,0.0,0,0,3.55,5.8,129.02829496137787,19.25
2025,14,1139,qualifying,2025-08-02 14:00:00,5,27.919999999999998,24.1,30.0,39.2,2.2,2,1,7.959999999999999,11.4,201.93196424869006,68.2
2025,15,1140,fp1,2025-08-29 10:30:00,4,17.075000000000003,15.4,18.6,74.5,0.0,0,0,18.025,19.2,166.25081619421243,38.5
2025,15,1140,fp2,2025-08-29 14:00:00,5,19.340000000000003,18.6,19.9,64.2,0.2,2,1,20.66,21.5,172.9937358056786,87.8
2025,15,1140,fp3,2025-08-30 09:30:00,4,17.049999999999997,15.8,18.4,83.75,0.4,2,1,20.900000000000002,22.1,222.5,32.75
2025,15,1140,qualifying,2025-08-30 13:00:00,5,18.8,18.4,19.3,71.2,0.2,2,1,23.68,25.1,227.7998463777022,30.0
2025,16,1141,fp1,2025-09-05 11:30:00,4,21.775,20.7,23.5,79.0,1.5,4,1,2.925,5.5,199.85039380192754,25.5
2025,16,1141,fp2,2025-09-05 15:00:00,5,24.74,23.5,25.5,61.0,0.30000000000000004,2,1,2.8,4.6,283.6350670499959,17.8
2025,16,1141,fp3,2025-09-06 10:30:00,4,21.05,18.6,23.0,63.25,0.0,0,0,3.025,3.5,138.0836226644527,11.25
2025,16,1141,qualifying,2025-09-06 14:00:00,5,24.279999999999998,23.0,25.2,57.0,0.0,0,0,3.94,4.6,178.82320809192623,61.4
2025,17,1142,fp1,2025-09-19 08:30:00,4,21.85,20.2,23.1,76.25,0.0,0,0,10.325,11.6,120.00343724223659,30.25
2025,17,1142,fp2,2025-09-19 12:00:00,5,24.200000000000003,23.1,25.2,59.4,0.0,0,0,10.219999999999999,12.0,120.20317019711747,11.6
2025,17,1142,fp3,2025-09-20 08:30:00,4,17.75,17.5,18.0,71.0,0.1,1,1,25.875,27.4,319.99885658186946,85.25
2025,17,1142,qualifying,2025-09-20 12:00:00,5,18.619999999999997,17.7,19.4,67.4,0.6,3,1,27.259999999999998,29.4,329.8125038934764,80.0
2025,18,1143,fp1,2025-10-03 09:30:00,4,27.125,26.7,27.5,81.25,0.2,2,1,6.25,9.3,233.64149700930233,99.5
2025,18,1143,fp2,2025-10-03 13:00:00,5,29.1,27.5,30.1,70.8,0.4,4,1,6.58,8.6,223.13417003350852,100.0
2025,18,1143,fp3,2025-10-04 09:30:00,4,27.95,25.7,29.8,79.25,0.0,0,0,9.525,11.5,263.4606658176957,39.5
2025,18,1143,qualifying,2025-10-04 13:00:00,5,30.419999999999998,29.8,31.0,65.0,0.0,0,0,11.780000000000001,13.1,223.96709242094812,65.6
2025,19,1144,fp1,2025-10-17 17:30:00,4,32.225,30.2,33.3,34.75,0.0,0,0,16.3,20.1,166.28785383089723,35.5
2025,19,1144,sprint_qualifying,2025-10-17 21:30:00,4,27.0,25.5,28.5,66.75,0.0,0,0,18.15,19.7,152.24921292543448,11.75
2025,19,1144,sprint,2025-10-18 17:00:00,5,33.6,31.6,34.7,35.0,0.0,0,0,13.6,15.9,229.37897949364356,50.6
2025,19,1144,qualifying,2025-10-18 21:00:00,5,29.939999999999998,28.1,31.6,42.2,0.0,0,0,10.919999999999998,15.2,228.22256427083647,20.6
2025,20,1145,fp1,2025-10-24 18:30:00,4,24.075,22.0,25.9,27.25,0.0,0,0,6.3,10.7,344.0597335202273,30.5
2025,20,1145,fp2,2025-10-24 22:00:00,5,19.58,16.8,22.0,47.8,0.0,0,0,5.38,10.7,282.9166818069982,14.8
2025,20,1145,fp3,2025-10-25 17:30:00,4,25.599999999999998,24.0,26.7,20.75,0.0,0,0,7.9,10.6,302.5,24.0
2025,20,1145,qualifying,2025-10-25 21:00:00,5,21.740000000000002,19.8,24.0,37.4,0.0,0,0,7.860000000000001,11.1,324.8959578370403,6.0
2025,21,1146,fp1,2025-11-07 14:30:00,4,22.349999999999998,20.3,24.3,68.5,0.0,0,0,10.950000000000001,16.1,117.65407414440101,41.5
2025,21,1146,sprint_qualifying,2025-11-07 18:30:00,4,19.675,19.0,20.2,82.5,0.0,0,0,6.975,8.9,90.30228543564294,98.25
2025,21,1146,sprint,2025-11-08 14:00:00,5,24.919999999999998,24.6,25.2,68.0,0.1,1,1,23.94,28.8,308.4004611167577,84.0
2025,21,1146,qualifying,2025-11-08 18:00:00,5,20.82,16.9,25.1,75.6,0.6000000000000001,2,1,19.26,22.7,232.74469494070343,66.8
2025,22,1147,fp1,2025-11-21 00:30:00,3,10.299999999999999,10.2,10.5,90.0,0.0,0,0,3.733333333333333,6.2,2.115753835410678,100.0
2025,22,1147,fp2,2025-11-21 04:00:00,5,10.28,10.0,10.5,83.2,0.2,2,1,4.2,6.2,53.43405323693735,100.0
2025,22,1147,fp3,2025-11-22 00:30:00,4,10.2,9.7,10.5,90.75,0.0,0,0,2.0,5.2,148.65425850267573,97.25
2025,22,1147,qualifying,2025-11-22 04:00:00,5,9.74,9.3,10.3,89.4,0.1,1,1,1.9799999999999998,4.3,173.62128048710628,99.6
2025,23,1148,fp1,2025-11-28 13:30:00,4,27.875,27.2,28.3,37.5,0.0,0,0,12.075,15.3,336.1665269156275,11.5
2025,23,1148,sprint_qualifying,2025-11-28 17:30:00,4,24.775,22.8,27.0,53.75,0.0,0,0,12.525,16.4,336.98040778308115,0.0
2025,23,1148,sprint,2025-11-29 14:00:00,5,27.060000000000002,25.5,28.0,44.4,0.0,0,0,17.18,19.2,318.60122271285445,13.6
2025,23,1148,qualifying,2025-11-29 18:00:00,5,23.18,21.3,25.5,64.6,0.0,0,0,12.68,18.5,320.00256277990616,0.0
2025,24,1149,fp1,2025-12-05 09:30:00,4,23.425,20.2,26.3,65.5,0.0,0,0,5.625,6.7,190.77966998717125,99.75
2025,24,1149,fp2,2025-12-05 13:00:00,5,27.160000000000004,26.3,28.1,44.6,0.0,0,0,8.7,13.8,251.13572474262753,89.8
2025,24,1149,fp3,2025-12-06 10:30:00,4,25.15,21.5,27.6,49.0,0.0,0,0,3.6,4.6,247.9534145005353,2.5
2025,24,1149,qualifying,2025-12-06 14:00:00,5,27.5,26.5,28.2,44.4,0.0,0,0,10.459999999999999,13.9,319.7995172060724,0.8
2026,1,1150,fp1,2026-03-06 01:30:00,4,15.95,15.4,16.6,90.25,0.0,0,0,3.2,6.4,262.485983666689,24.5
2026,1,1150,fp2,2026-03-06 05:00:00,5,14.2,13.2,15.4,95.6,0.0,0,0,2.74,4.4,336.5645576850856,36.6
2026,1,1150,fp3,2026-03-07 01:30:00,4,17.075000000000003,16.6,17.4,86.25,0.0,0,0,9.025,10.0,163.03531842393127,22.75
2026,1,1150,qualifying,2026-03-07 05:00:00,5,16.6,16.4,16.9,88.8,0.0,0,0,7.88,8.7,146.20086089611814,73.8
2026,2,1151,fp1,2026-03-13 03:30:00,4,4.825,4.3,5.3,93.5,0.0,0,0,7.6499999999999995,8.8,13.248165265827097,0.0
2026,2,1151,sprint_qualifying,2026-03-13 07:30:00,4,6.35,4.2,9.5,83.5,0.0,0,0,7.85,8.9,19.25154373993524,0.0
2026,2,1151,sprint,2026-03-14 03:00:00,5,6.720000000000001,6.4,6.9,86.2,0.0,0,0,10.98,11.8,129.40152262593907,7.4
2026,2,1151,qualifying,2026-03-14 07:00:00,5,8.44,6.3,12.4,80.0,0.0,0,0,11.22,12.9,132.79578108176312,0.0
2026,3,1152,fp1,2026-03-27 02:30:00,4,8.4,7.7,9.1,88.25,0.0,0,0,10.8,13.3,290.0,8.75
2026,3,1152,fp2,2026-03-27 06:00:00,5,8.040000000000001,6.7,10.6,87.6,0.0,0,0,7.5,8.4,293.5997219133367,6.4
2026,3,1152,fp3,2026-03-28 02:30:00,4,5.675,5.3,6.0,71.75,0.0,0,0,4.35,5.0,309.75812724886606,0.0
2026,3,1152,qualifying,2026-03-28 06:00:00,5,7.9,6.0,11.5,59.6,0.0,0,0,2.8200000000000003,4.0,326.85769806174426,0.4
2026,4,1153,fp1,2026-05-01 16:00:00,5,31.3,28.5,32.4,48.8,0.0,0,0,8.7,15.8,189.8023918654518,12.2
2026,4,1153,sprint_qualifying,2026-05-01 20:30:00,4,26.75,26.3,27.1,67.75,0.0,0,0,11.775,14.6,160.71720030287247,28.75
2026,4,1153,sprint,2026-05-02 16:00:00,5,34.14,33.3,34.6,34.0,0.0,0,0,18.660000000000004,19.6,263.83146948598363,60.2
2026,4,1153,qualifying,2026-05-02 20:00:00,5,30.179999999999996,27.2,33.3,49.6,0.0,0,0,15.14,17.1,266.49913029559445,93.0
2026,5,1154,fp1,2026-05-22 16:30:00,4,19.6,19.4,19.8,26.25,0.0,0,0,8.95,11.1,229.7182925743927,7.25
2026,5,1154,sprint_qualifying,2026-05-22 20:30:00,4,17.450000000000003,15.9,18.9,37.0,0.0,0,0,10.0,11.2,221.77008048850973,7.5
2026,5,1154,sprint,2026-05-23 16:00:00,5,21.060000000000002,20.4,21.4,26.6,0.0,0,0,9.0,9.9,124.02058974119808,100.0
2026,5,1154,qualifying,2026-05-23 20:00:00,5,19.159999999999997,17.4,20.4,35.4,0.0,0,0,8.62,10.5,142.1942445129238,100.0
2026,6,1155,fp1,2026-06-05 11:30:00,4,21.924999999999997,21.5,22.4,75.0,0.4,2,1,9.524999999999999,11.1,147.7501571990557,28.0
2026,6,1155,fp2,2026-06-05 15:00:00,5,22.339999999999996,22.0,23.2,70.0,0.2,2,1,10.14,11.5,148.40018045917077,47.2
2026,6,1155,fp3,2026-06-06 10:30:00,4,21.4,20.9,21.9,69.25,0.1,1,1,9.925,11.5,194.83187064740116,64.5
2026,6,1155,qualifying,2026-06-06 14:00:00,5,22.880000000000003,21.9,23.6,55.6,0.1,1,1,9.399999999999999,11.3,165.21985816944414,40.8
2026,7,1156,fp1,2026-06-12 11:30:00,4,26.924999999999997,24.7,28.4,40.25,0.0,0,0,7.4750000000000005,11.3,166.2421971796129,0.0
2026,7,1156,fp2,2026-06-12 15:00:00,5,29.060000000000002,28.4,29.6,32.8,0.0,0,0,11.64,12.6,154.0029299174186,1.2
2026,7,1156,fp3,2026-06-13 10:30:00,4,30.325,26.9,33.2,28.0,0.0,0,0,4.300000000000001,7.4,243.907633269489,0.5
2026,7,1156,qualifying,2026-06-13 14:00:00,5,32.480000000000004,31.7,33.2,24.6,0.0,0,0,11.94,14.3,165.13773751085566,48.2
2026,8,1157,fp1,2026-06-26 11:30:00,4,29.5,27.8,30.9,33.25,0.0,0,0,2.3,3.8,138.26765967294216,0.0
2026,8,1157,fp2,2026-06-26 15:00:00,5,31.4,30.9,32.1,27.6,0.0,0,0,6.300000000000001,7.5,130.9638213094288,16.8
2026,8,1157,fp3,2026-06-27 10:30:00,4,29.400000000000002,26.6,31.8,38.25,0.0,0,0,3.1,5.0,230.37079499967024,0.0
2026,8,1157,qualifying,2026-06-27 14:00:00,5,32.760000000000005,31.8,33.3,27.4,0.0,0,0,6.92,7.9,173.40685967710846,20.6
2026,9,1158,fp1,2026-07-03 11:30:00,4,20.0,17.6,22.1,53.25,0.0,0,0,10.700000000000001,12.8,268.754774673954,65.5
2026,9,1158,sprint_qualifying,2026-07-03 15:30:00,4,24.075000000000003,22.9,25.0,38.0,0.0,0,0,13.35,14.9,250.74553741507788,41.0
2026,9,1158,sprint,2026-07-04 11:00:00,5,21.46,18.8,23.6,59.8,0.0,0,0,21.5,22.7,269.5996244466373,85.4
2026,9,1158,qualifying,2026-07-04 15:00:00,5,24.839999999999996,23.6,25.9,46.4,0.0,0,0,24.16,26.2,273.79980980829214,64.0
2026,10,1159,fp1,2026-07-17 11:30:00,4,21.75,19.3,23.6,60.5,0.0,0,0,10.399999999999999,11.4,322.5345859111857,31.25
2026,10,1159,fp2,2026-07-17 15:00:00,5,23.72,23.5,23.9,48.4,0.0,0,0,11.720000000000002,13.3,314.99889240073827,54.0
2026,10,1159,fp3,2026-07-18 10:30:00,4,18.1,16.2,20.3,69.25,0.0,0,0,8.425,9.5,302.26287180150587,72.0
2026,10,1159,qualifying,2026-07-18 14:00:00,5,20.3,20.0,20.7,61.6,0.1,1,1,13.279999999999998,16.2,296.38768634964146,79.4
2026,11,1160,fp1,2026-07-24 11:30:00,4,21.950000000000003,20.1,23.5,38.5,0.0,0,0,14.9,15.8,330.25018583737585,26.25
2026,11,1160,fp2,2026-07-24 15:00:00,5,24.0,23.5,24.6,30.2,0.0,0,0,16.64,18.7,333.4087776413802,32.4
2026,11,1160,fp3,2026-07-25 10:30:00,4,22.749999999999996,20.4,24.8,34.5,0.0,0,0,5.4,6.4,215.0,44.0
2026,11,1160,qualifying,2026-07-25 14:00:00,5,26.22,24.8,27.1,26.0,0.0,0,0,7.94,10.5,190.63673676898534,35.2
2026,12,1161,fp1,2026-08-21 10:30:00,4,17.075000000000003,16.2,18.1,75.25,3.1000000000000005,4,1,17.35,19.4,7.253535716454662,69.0
2026,12,1161,sprint_qualifying,2026-08-21 14:30:00,4,18.375,18.3,18.6,63.5,0.0,0,0,19.25,21.5,346.4967942773932,90.25
2026,12,1161,sprint,2026-08-22 10:00:00,5,16.64,16.3,16.9,71.4,1.7,5,1,22.02,24.9,350.57498417380737,44.4
2026,12,1161,qualifying,2026-08-22 14:00:00,5,17.3,16.8,17.6,66.2,0.6,2,1,25.439999999999998,26.2,332.79680291866936,39.2
