season,round,race_name,race_date,circuit_id,circuit_name,weekend_temperature_avg,weekend_temperature_min,weekend_temperature_max,weekend_humidity_avg,weekend_precipitation_total,weekend_rain_hours,weekend_rain_flag,weekend_wind_speed_avg,weekend_wind_speed_max,weekend_cloud_cover_avg,fp1_period_temperature_avg,fp1_period_temperature_min,fp1_period_temperature_max,fp1_period_humidity_avg,fp1_period_precipitation_total,fp1_period_rain_hours,fp1_period_rain_flag,fp1_period_wind_speed_avg,fp1_period_wind_speed_max,fp1_period_cloud_cover_avg,race_day_temperature_avg,race_day_temperature_min,race_day_temperature_max,race_day_humidity_avg,race_day_precipitation_total,race_day_rain_hours,race_day_rain_flag,race_day_wind_speed_avg,race_day_wind_speed_max,race_day_cloud_cover_avg,weather_observations
2014,1,Australian Grand Prix,2014-03-16,albert_park,Albert Park Grand Prix Circuit,18.650000000000002,12.9,28.2,57.145833333333336,21.500000000000004,10,1,17.79375,35.0,65.02083333333333,21.208333333333332,15.5,28.2,55.458333333333336,20.8,8,1,20.412499999999998,35.0,64.41666666666667,16.091666666666665,12.9,20.0,58.833333333333336,0.7,2,1,15.174999999999999,21.3,65.625,72
2014,2,Malaysian Grand Prix,2014-03-30,sepang,Sepang International Circuit,26.516666666666666,24.2,30.6,84.33333333333333,13.9,18,1,5.802083333333333,12.6,82.29166666666667,26.204166666666662,24.2,28.8,85.58333333333333,10.600000000000001,13,1,4.966666666666668,12.1,83.625,26.829166666666666,24.2,30.6,83.08333333333333,3.3,5,1,6.6375,12.6,80.95833333333333,72
2014,3,Bahrain Grand Prix,2014-04-06,bahrain,Bahrain International Circuit,22.22708333333333,20.0,24.0,54.041666666666664,0.0,0,0,20.181250000000002,24.9,0.0,22.09166666666667,20.0,23.7,52.25,0.0,0,0,19.770833333333332,24.9,0.0,22.3625,20.7,24.0,55.833333333333336,0.0,0,0,20.591666666666665,23.7,0.0,72
2014,4,Chinese Grand Prix,2014-04-20,shanghai,Shanghai International Circuit,14.583333333333334,11.8,17.8,86.41666666666667,18.6,15,1,13.754166666666668,21.1,89.97916666666667,14.316666666666668,13.8,15.2,90.79166666666667,18.6,15,1,15.683333333333332,21.1,100.0,14.85,11.8,17.8,82.04166666666667,0.0,0,0,11.825000000000001,15.1,79.95833333333333,72
2014,5,Spanish Grand Prix,2014-05-11,catalunya,Circuit de Barcelona-Catalunya,18.60625,14.1,25.0,74.22916666666667,0.0,0,0,8.4625,20.9,73.97916666666667,19.245833333333334,14.1,25.0,71.20833333333333,0.0,0,0,8.929166666666667,20.9,63.083333333333336,17.96666666666667,15.5,21.3,77.25,0.0,0,0,7.995833333333333,20.6,84.875,72
2014,6,Monaco Grand Prix,2014-05-25,monaco,Circuit de Monaco,17.164583333333336,13.2,19.5,75.85416666666667,0.3,1,1,5.514583333333334,11.1,60.770833333333336,16.8375,13.2,19.5,75.25,0.0,0,0,6.366666666666667,11.1,28.958333333333332,17.491666666666664,14.2,19.4,76.45833333333333,0.3,1,1,4.6625000000000005,8.7,92.58333333333333,72
2014,7,Canadian Grand Prix,2014-06-08,villeneuve,Circuit Gilles Villeneuve,20.868750000000002,14.0,27.4,65.75,0.0,0,0,10.0875,15.2,47.1875,20.416666666666668,14.0,26.4,65.91666666666667,0.0,0,0,11.495833333333332,15.2,14.083333333333334,21.320833333333333,14.9,27.4,65.58333333333333,0.0,0,0,8.679166666666667,13.2,80.29166666666667,72
2014,8,Austrian Grand Prix,2014-06-22,red_bull_ring,Red Bull Ring,16.0125,8.6,23.3,68.79166666666667,0.4,4,1,5.164583333333334,11.2,39.458333333333336,14.449999999999998,8.6,19.8,70.625,0.2,2,1,6.683333333333333,11.2,54.333333333333336,17.575,9.5,23.3,66.95833333333333,0.2,2,1,3.6458333333333335,7.0,24.583333333333332,72
2014,9,British Grand Prix,2014-07-06,silverstone,Silverstone Circuit,16.102083333333336,12.8,19.3,70.95833333333333,4.300000000000001,12,1,12.699999999999998,19.9,88.6875,16.816666666666666,15.1,19.3,77.83333333333333,4.300000000000001,12,1,12.833333333333334,19.9,97.04166666666667,15.387500000000001,12.8,18.5,64.08333333333333,0.0,0,0,12.566666666666668,18.4,80.33333333333333,72
2014,10,German Grand Prix,2014-07-20,hockenheimring,Hockenheimring,24.55,17.4,32.7,60.0,1.6,3,1,7.3812500000000005,16.3,66.625,25.71666666666667,17.4,32.7,53.666666666666664,0.0,0,0,8.091666666666667,11.6,38.375,23.38333333333333,20.2,27.5,66.33333333333333,1.6,3,1,6.670833333333334,16.3,94.875,72
2014,11,Hungarian Grand Prix,2014-07-27,hungaroring,Hungaroring,22.802083333333332,16.0,27.9,70.04166666666667,6.500000000000001,9,1,8.847916666666665,14.5,40.6875,22.90416666666667,16.0,27.9,65.70833333333333,0.2,1,1,7.354166666666667,12.0,25.541666666666668,22.7,18.9,27.2,74.375,6.300000000000001,8,1,10.341666666666667,14.5,55.833333333333336,72
2014,12,Belgian Grand Prix,2014-08-24,spa,Circuit de Spa-Francorchamps,11.489583333333334,7.4,15.2,83.41666666666667,6.0,12,1,12.735416666666666,20.5,58.229166666666664,11.866666666666669,9.4,15.2,90.04166666666667,5.7,9,1,13.566666666666668,20.5,73.5,11.112500000000002,7.4,14.8,76.79166666666667,0.30000000000000004,3,1,11.904166666666667,16.4,42.958333333333336,72
2014,13,Italian Grand Prix,2014-09-07,monza,Autodromo Nazionale di Monza,20.09166666666667,14.8,25.2,80.27083333333333,0.0,0,0,5.116666666666666,8.7,34.083333333333336,19.925,14.8,25.2,79.95833333333333,0.0,0,0,5.083333333333333,8.3,28.0,20.258333333333336,16.2,24.5,80.58333333333333,0.0,0,0,5.1499999999999995,8.7,40.166666666666664,72
2014,14,Singapore Grand Prix,2014-09-21,marina_bay,Marina Bay Street Circuit,26.73333333333333,25.1,28.8,83.5,10.6,23,1,6.7375,12.9,75.08333333333333,26.40416666666667,25.1,27.6,86.375,9.399999999999999,18,1,5.508333333333333,10.8,78.79166666666667,27.0625,25.6,28.8,80.625,1.2,5,1,7.966666666666666,12.9,71.375,72
2014,15,Japanese Grand Prix,2014-10-05,suzuka,Suzuka Circuit,20.35833333333333,19.1,23.7,79.10416666666667,18.3,25,1,12.304166666666667,24.5,98.6875,20.787499999999998,19.4,23.7,70.08333333333333,0.2,1,1,16.645833333333332,24.5,97.375,19.929166666666667,19.1,21.5,88.125,18.099999999999998,24,1,7.962500000000001,15.5,100.0,72
2014,16,Russian Grand Prix,2014-10-12,sochi,Sochi Autodrom,19.41875,13.8,23.2,71.16666666666667,0.0,0,0,4.172916666666667,6.6,2.5208333333333335,18.895833333333332,13.8,22.9,71.95833333333333,0.0,0,0,4.279166666666667,6.6,0.0,19.941666666666666,16.0,23.2,70.375,0.0,0,0,4.066666666666666,5.7,5.041666666666667,72
2014,17,United States Grand Prix,2014-11-02,americas,Circuit of the Americas,15.447916666666666,9.9,23.3,50.645833333333336,0.0,0,0,12.547916666666666,21.1,35.270833333333336,14.625,9.9,19.4,46.958333333333336,0.0,0,0,10.220833333333333,12.6,9.333333333333334,16.270833333333336,9.9,23.3,54.333333333333336,0.0,0,0,14.875,21.1,61.208333333333336,72
2014,18,Brazilian Grand Prix,2014-11-09,interlagos,Autódromo José Carlos Pace,20.166666666666668,16.7,24.7,89.35416666666667,30.9,22,1,10.414583333333335,16.5,86.41666666666667,20.908333333333335,18.3,24.7,90.75,29.500000000000004,14,1,9.420833333333333,12.6,99.83333333333333,19.425,16.7,23.0,87.95833333333333,1.4000000000000001,8,1,11.408333333333333,16.5,73.0,72
2014,19,Abu Dhabi Grand Prix,2014-11-23,yas_marina,Yas Marina Circuit,23.381250000000005,16.1,30.5,71.91666666666667,0.0,0,0,8.064583333333333,17.3,13.0625,23.083333333333332,16.1,29.0,70.95833333333333,0.0,0,0,8.625,16.6,6.666666666666667,23.679166666666664,16.7,30.5,72.875,0.0,0,0,7.504166666666666,17.3,19.458333333333332,72
2015,1,Australian Grand Prix,2015-03-15,albert_park,Albert Park Grand Prix Circuit,16.818749999999998,8.8,28.8,64.22916666666667,1.5,7,1,15.85,22.6,63.125,18.2,8.8,28.8,63.541666666666664,1.2000000000000002,5,1,14.066666666666665,22.6,61.25,15.4375,13.6,18.7,64.91666666666667,0.30000000000000004,2,1,17.633333333333333,21.2,65.0,72
2015,2,Malaysian Grand Prix,2015-03-29,sepang,Sepang International Circuit,27.075,23.1,31.0,78.52083333333333,3.5,7,1,5.95625,11.1,77.77083333333333,27.3125,24.0,31.0,77.04166666666667,0.8999999999999999,3,1,6.8374999999999995,11.1,73.91666666666667,26.837500000000002,23.1,30.5,80.0,2.6000000000000005,4,1,5.075,8.9,81.625,72
2015,3,Chinese Grand Prix,2015-04-12,shanghai,Shanghai International Circuit,12.612500000000002,4.8,19.4,74.375,0.0,0,0,10.004166666666666,16.9,68.83333333333333,11.316666666666668,4.8,17.6,75.5,0.0,0,0,9.4375,14.0,69.16666666666667,13.908333333333333,9.2,19.4,73.25,0.0,0,0,10.570833333333333,16.9,68.5,72
2015,4,Bahrain Grand Prix,2015-04-19,bahrain,Bahrain International Circuit,24.89166666666667,23.6,27.0,56.020833333333336,0.0,0,0,29.09166666666667,37.9,1.2291666666666667,25.03333333333333,23.6,27.0,60.708333333333336,0.0,0,0,30.766666666666666,37.9,2.4583333333333335,24.75,23.6,26.3,51.333333333333336,0.0,0,0,27.416666666666668,33.4,0.0,72
2015,5,Spanish Grand Prix,2015-05-10,catalunya,Circuit de Barcelona-Catalunya,19.63125,14.1,25.9,72.16666666666667,0.0,0,0,8.956249999999999,19.8,35.791666666666664,19.224999999999998,14.1,24.7,73.79166666666667,0.0,0,0,9.783333333333333,19.8,24.375,20.037499999999998,14.9,25.9,70.54166666666667,0.0,0,0,8.129166666666666,17.9,47.208333333333336,72
2015,6,Monaco Grand Prix,2015-05-24,monaco,Circuit de Monaco,17.181250000000002,12.7,19.6,75.33333333333333,0.2,1,1,5.354166666666667,10.8,82.5,16.958333333333332,12.7,19.6,72.125,0.0,0,0,6.125,10.8,88.20833333333333,17.404166666666665,15.9,19.4,78.54166666666667,0.2,1,1,4.583333333333333,9.8,76.79166666666667,72
2015,7,Canadian Grand Prix,2015-06-07,villeneuve,Circuit Gilles Villeneuve,15.375,9.5,20.6,56.5625,0.0,0,0,12.081249999999999,20.7,53.5625,14.674999999999999,10.1,19.0,53.458333333333336,0.0,0,0,13.604166666666666,20.7,19.75,16.075,9.5,20.6,59.666666666666664,0.0,0,0,10.558333333333334,20.4,87.375,72
2015,8,Austrian Grand Prix,2015-06-21,red_bull_ring,Red Bull Ring,11.647916666666667,7.4,16.5,76.79166666666667,9.1,17,1,6.410416666666666,11.8,67.6875,11.329166666666666,7.4,15.5,79.54166666666667,6.4,8,1,6.045833333333333,10.1,64.70833333333333,11.966666666666667,7.9,16.5,74.04166666666667,2.7,9,1,6.775000000000001,11.8,70.66666666666667,72
2015,9,British Grand Prix,2015-07-05,silverstone,Silverstone Circuit,18.337500000000002,13.6,24.1,67.5625,17.4,7,1,14.002083333333333,24.2,65.6875,20.0625,16.1,24.1,70.25,16.9,4,1,16.720833333333335,22.7,65.75,16.6125,13.6,20.3,64.875,0.5,3,1,11.283333333333333,24.2,65.625,72
2015,10,Hungarian Grand Prix,2015-07-26,hungaroring,Hungaroring,25.18958333333333,19.7,33.7,51.416666666666664,1.0,3,1,13.614583333333334,25.8,42.541666666666664,27.5125,22.5,33.7,57.083333333333336,1.0,3,1,10.25,16.8,29.458333333333332,22.866666666666664,19.7,26.0,45.75,0.0,0,0,16.979166666666668,25.8,55.625,72
2015,11,Belgian Grand Prix,2015-08-23,spa,Circuit de Spa-Francorchamps,18.8625,13.7,24.8,61.666666666666664,10.3,8,1,14.339583333333332,25.1,27.25,19.270833333333332,13.7,24.3,58.416666666666664,0.0,0,0,11.004166666666668,13.5,9.875,18.454166666666666,15.4,24.8,64.91666666666667,10.3,8,1,17.675,25.1,44.625,72
2015,12,Italian Grand Prix,2015-09-06,monza,Autodromo Nazionale di Monza,17.62291666666667,11.4,22.3,65.52083333333333,7.999999999999999,10,1,5.8125,12.4,26.4375,17.95,14.5,21.9,74.375,7.999999999999999,10,1,5.683333333333334,10.5,49.25,17.295833333333334,11.4,22.3,56.666666666666664,0.0,0,0,5.941666666666667,12.4,3.625,72
2015,13,Singapore Grand Prix,2015-09-20,marina_bay,Marina Bay Street Circuit,27.441666666666666,25.4,29.1,84.20833333333333,7.699999999999999,13,1,7.804166666666667,13.1,57.625,27.53333333333333,26.5,29.1,83.66666666666667,4.4,8,1,9.375,13.1,46.083333333333336,27.349999999999998,25.4,29.0,84.75,3.3,5,1,6.233333333333334,10.1,69.16666666666667,72
2015,14,Japanese Grand Prix,2015-09-27,suzuka,Suzuka Circuit,22.179166666666664,18.5,26.2,85.125,2.0,8,1,5.945833333333333,10.7,65.75,22.2375,19.8,25.9,87.79166666666667,1.0,4,1,4.7749999999999995,8.5,79.875,22.120833333333337,18.5,26.2,82.45833333333333,0.9999999999999999,4,1,7.116666666666666,10.7,51.625,72
2015,15,Russian Grand Prix,2015-10-11,sochi,Sochi Autodrom,13.81875,9.8,18.2,65.08333333333333,0.6000000000000001,2,1,6.3999999999999995,9.7,67.22916666666667,13.1,11.2,15.0,71.41666666666667,0.2,1,1,6.233333333333334,9.6,45.458333333333336,14.5375,9.8,18.2,58.75,0.4,1,1,6.566666666666667,9.7,89.0,72
2015,16,United States Grand Prix,2015-10-25,americas,Circuit of the Americas,18.954166666666666,15.1,23.2,90.14583333333333,99.9,36,1,23.212499999999995,30.2,92.20833333333333,21.25,17.7,23.2,94.79166666666667,91.7,24,1,21.766666666666666,28.1,99.95833333333333,16.658333333333335,15.1,18.7,85.5,8.2,12,1,24.65833333333333,30.2,84.45833333333333,72
2015,17,Mexican Grand Prix,2015-11-01,rodriguez,Autódromo Hermanos Rodríguez,15.329166666666667,12.4,20.3,85.54166666666667,8.299999999999999,12,1,6.116666666666667,14.6,81.79166666666667,15.299999999999999,12.6,19.6,85.5,1.2,1,1,8.4625,14.6,94.125,15.358333333333334,12.4,20.3,85.58333333333333,7.1,11,1,3.7708333333333335,6.5,69.45833333333333,72
2015,18,Brazilian Grand Prix,2015-11-15,interlagos,Autódromo José Carlos Pace,23.29375,18.4,30.2,85.6875,1.7000000000000002,9,1,9.647916666666667,20.7,90.27083333333333,25.225000000000005,20.8,30.2,78.08333333333333,0.5,2,1,11.85,20.7,80.58333333333333,21.3625,18.4,25.3,93.29166666666667,1.2000000000000002,7,1,7.445833333333333,15.4,99.95833333333333,72
2015,19,Abu Dhabi Grand Prix,2015-11-29,yas_marina,Yas Marina Circuit,24.464583333333334,19.8,28.7,66.60416666666667,0.0,0,0,15.856250000000001,25.7,17.1875,24.666666666666668,22.3,27.7,67.41666666666667,0.0,0,0,18.916666666666668,25.7,19.25,24.2625,19.8,28.7,65.79166666666667,0.0,0,0,12.795833333333334,20.9,15.125,72
2016,1,Australian Grand Prix,2016-03-20,albert_park,Albert Park Grand Prix Circuit,15.325000000000001,9.2,21.2,64.72916666666667,0.4,1,1,12.856250000000001,21.9,39.479166666666664,14.829166666666666,13.4,16.3,64.375,0.4,1,1,16.279166666666665,21.9,65.20833333333333,15.820833333333333,9.2,21.2,65.08333333333333,0.0,0,0,9.433333333333334,17.3,13.75,72
2016,2,Bahrain Grand Prix,2016-04-03,bahrain,Bahrain International Circuit,20.279166666666665,16.3,22.6,52.854166666666664,0.0,0,0,14.206249999999999,21.7,26.208333333333332,20.525,18.6,22.6,49.5,0.0,0,0,17.420833333333334,21.7,14.458333333333334,20.033333333333335,16.3,22.3,56.208333333333336,0.0,0,0,10.991666666666665,13.8,37.958333333333336,72
2016,3,Chinese Grand Prix,2016-04-17,shanghai,Shanghai International Circuit,17.483333333333334,13.8,21.9,74.85416666666667,11.100000000000001,8,1,16.354166666666668,29.9,71.3125,18.445833333333336,14.6,21.9,83.625,9.600000000000001,7,1,21.38333333333333,29.9,79.04166666666667,16.520833333333332,13.8,21.0,66.08333333333333,1.5,1,1,11.325000000000001,19.9,63.583333333333336,72
2016,4,Russian Grand Prix,2016-05-01,sochi,Sochi Autodrom,13.447916666666666,10.6,16.6,86.58333333333333,0.0,0,0,5.614583333333333,9.3,76.20833333333333,13.779166666666667,10.6,16.6,86.29166666666667,0.0,0,0,5.258333333333334,8.9,82.625,13.116666666666665,10.6,14.9,86.875,0.0,0,0,5.970833333333334,9.3,69.79166666666667,72
2016,5,Spanish Grand Prix,2016-05-15,catalunya,Circuit de Barcelona-Catalunya,15.672916666666666,10.7,19.8,85.27083333333333,0.1,1,1,7.974999999999999,14.1,50.625,15.558333333333332,10.7,19.8,84.45833333333333,0.1,1,1,7.095833333333334,12.7,57.416666666666664,15.7875,12.0,19.5,86.08333333333333,0.0,0,0,8.854166666666666,14.1,43.833333333333336,72
2016,6,Monaco Grand Prix,2016-05-29,monaco,Circuit de Monaco,18.860416666666666,14.9,22.9,78.79166666666667,11.2,13,1,7.297916666666666,15.0,50.75,19.47083333333333,14.9,22.9,71.70833333333333,0.0,0,0,5.6875,10.4,38.25,18.25,16.1,20.7,85.875,11.2,13,1,8.908333333333333,15.0,63.25,72
2016,7,Canadian Grand Prix,2016-06-12,villeneuve,Circuit Gilles Villeneuve,12.735416666666667,10.2,15.6,76.3125,1.9,7,1,14.952083333333333,27.1,85.70833333333333,13.220833333333333,10.2,15.6,80.29166666666667,0.6000000000000001,2,1,8.979166666666666,12.8,84.83333333333333,12.25,10.6,14.9,72.33333333333333,1.3,5,1,20.924999999999997,27.1,86.58333333333333,72
2016,8,European Grand Prix,2016-06-19,baku,Baku City Circuit,25.308333333333334,23.0,28.0,69.83333333333333,0.0,0,0,30.31458333333333,38.6,71.95833333333333,24.474999999999994,23.0,25.9,70.25,0.0,0,0,34.99166666666667,38.6,61.083333333333336,26.14166666666667,24.2,28.0,69.41666666666667,0.0,0,0,25.6375,30.1,82.83333333333333,72
2016,9,Austrian Grand Prix,2016-07-03,red_bull_ring,Red Bull Ring,17.135416666666668,12.7,26.4,83.25,6.9,19,1,5.960416666666667,10.9,70.64583333333333,20.1375,13.4,26.4,83.5,5.1,9,1,5.479166666666667,10.9,59.083333333333336,14.133333333333335,12.7,17.4,83.0,1.8000000000000003,10,1,6.441666666666666,8.8,82.20833333333333,72
2016,10,British Grand Prix,2016-07-10,silverstone,Silverstone Circuit,17.183333333333334,13.1,20.6,83.47916666666667,4.7,10,1,22.0625,30.1,80.3125,16.85833333333333,13.1,20.5,85.375,3.3999999999999995,4,1,21.295833333333334,30.1,87.58333333333333,17.508333333333336,15.3,20.6,81.58333333333333,1.3,6,1,22.82916666666667,27.5,73.04166666666667,72
2016,11,Hungarian Grand Prix,2016-07-24,hungaroring,Hungaroring,23.208333333333332,17.8,27.9,78.77083333333333,2.0,8,1,5.9375,10.4,48.75,22.9375,17.8,27.1,82.125,1.9000000000000001,7,1,4.458333333333333,6.6,55.666666666666664,23.479166666666668,19.3,27.9,75.41666666666667,0.1,1,1,7.416666666666667,10.4,41.833333333333336,72
2016,12,German Grand Prix,2016-07-31,hockenheimring,Hockenheimring,21.454166666666662,17.9,26.0,71.35416666666667,1.9999999999999998,4,1,8.69375,15.2,53.729166666666664,22.104166666666668,17.9,26.0,70.125,0.2,1,1,8.762500000000001,13.6,43.625,20.804166666666664,18.4,22.9,72.58333333333333,1.7999999999999998,3,1,8.625,15.2,63.833333333333336,72
2016,13,Belgian Grand Prix,2016-08-28,spa,Circuit de Spa-Francorchamps,22.88958333333333,18.0,30.1,72.97916666666667,1.6,5,1,12.606250000000001,20.4,36.479166666666664,23.916666666666668,18.2,30.1,76.41666666666667,1.4,4,1,10.641666666666667,14.2,33.791666666666664,21.8625,18.0,24.8,69.54166666666667,0.2,1,1,14.570833333333335,20.4,39.166666666666664,72
2016,14,Italian Grand Prix,2016-09-04,monza,Autodromo Nazionale di Monza,23.289583333333336,18.4,27.9,76.72916666666667,0.6,2,1,3.439583333333333,7.3,72.125,23.3125,18.4,27.9,76.16666666666667,0.6,2,1,3.7916666666666665,6.3,65.5,23.26666666666667,18.6,27.5,77.29166666666667,0.0,0,0,3.0875,7.3,78.75,72
2016,15,Singapore Grand Prix,2016-09-18,marina_bay,Marina Bay Street Circuit,27.402083333333337,24.8,29.1,83.89583333333333,24.800000000000004,19,1,7.739583333333333,14.6,95.35416666666667,27.329166666666666,24.8,29.0,84.25,18.0,7,1,7.412499999999999,11.8,97.0,27.474999999999998,26.3,29.1,83.54166666666667,6.8,12,1,8.066666666666666,14.6,93.70833333333333,72
2016,16,Malaysian Grand Prix,2016-10-02,sepang,Sepang International Circuit,27.856250000000003,24.1,31.8,74.39583333333333,0.2,2,1,9.379166666666666,14.7,92.27083333333333,27.47083333333333,24.1,31.8,78.29166666666667,0.2,2,1,7.204166666666667,12.3,90.625,28.24166666666667,25.7,31.3,70.5,0.0,0,0,11.554166666666665,14.7,93.91666666666667,72
2016,17,Japanese Grand Prix,2016-10-09,suzuka,Suzuka Circuit,21.758333333333336,15.8,26.6,83.91666666666667,22.6,23,1,15.293750000000001,26.2,86.72916666666667,23.383333333333336,20.6,26.6,89.375,5.6,14,1,13.470833333333331,21.3,93.45833333333333,20.133333333333336,15.8,22.8,78.45833333333333,17.0,9,1,17.116666666666664,26.2,80.0,72
2016,18,United States Grand Prix,2016-10-23,americas,Circuit of the Americas,19.541666666666668,11.2,27.6,53.020833333333336,0.0,0,0,9.522916666666667,15.1,51.208333333333336,18.34166666666667,11.2,25.7,44.125,0.0,0,0,7.783333333333334,12.4,12.041666666666666,20.741666666666667,14.3,27.6,61.916666666666664,0.0,0,0,11.262500000000001,15.1,90.375,72
2016,19,Mexican Grand Prix,2016-10-30,rodriguez,Autódromo Hermanos Rodríguez,13.035416666666668,8.9,19.7,78.625,2.0,7,1,7.675,18.0,85.39583333333333,12.391666666666666,8.9,18.4,78.29166666666667,0.4,3,1,8.558333333333334,18.0,78.16666666666667,13.679166666666667,10.2,19.7,78.95833333333333,1.5999999999999999,4,1,6.791666666666667,13.8,92.625,72
2016,20,Brazilian Grand Prix,2016-11-13,interlagos,Autódromo José Carlos Pace,17.375,15.5,19.3,94.83333333333333,33.400000000000006,48,1,14.185416666666669,21.0,100.0,17.629166666666666,15.5,19.3,95.125,16.4,24,1,16.154166666666665,21.0,100.0,17.120833333333334,15.9,18.4,94.54166666666667,17.0,24,1,12.216666666666667,14.4,100.0,72
2016,21,Abu Dhabi Grand Prix,2016-11-27,yas_marina,Yas Marina Circuit,24.549999999999997,18.3,30.4,52.833333333333336,0.0,0,0,15.647916666666667,24.3,12.875,24.76666666666667,19.5,29.5,55.208333333333336,0.0,0,0,16.895833333333332,24.3,18.75,24.333333333333332,18.3,30.4,50.458333333333336,0.0,0,0,14.4,20.8,7.0,72
2017,1,Australian Grand Prix,2017-03-26,albert_park,Albert Park Grand Prix Circuit,20.545833333333334,15.7,26.8,81.83333333333333,2.3,7,1,7.922916666666667,15.9,70.66666666666667,20.833333333333332,15.7,26.8,77.83333333333333,2.3,7,1,9.233333333333334,15.9,75.04166666666667,20.258333333333336,17.7,23.7,85.83333333333333,0.0,0,0,6.6125,11.6,66.29166666666667,72
2017,2,Chinese Grand Prix,2017-04-09,shanghai,Shanghai International Circuit,13.8125,10.7,22.3,82.66666666666667,8.299999999999999,15,1,14.589583333333332,23.5,92.27083333333333,15.6625,11.5,22.3,84.91666666666667,1.4,4,1,10.270833333333334,16.9,84.54166666666667,11.9625,10.7,13.1,80.41666666666667,6.8999999999999995,11,1,18.908333333333335,23.5,100.0,72
2017,3,Bahrain Grand Prix,2017-04-16,bahrain,Bahrain International Circuit,27.900000000000002,23.0,40.4,54.166666666666664,0.0,0,0,21.458333333333332,41.1,56.5625,29.78333333333333,23.0,40.4,45.083333333333336,0.0,0,0,12.6,26.6,51.166666666666664,26.01666666666667,23.9,29.3,63.25,0.0,0,0,30.316666666666663,41.1,61.958333333333336,72
2017,4,Russian Grand Prix,2017-04-30,sochi,Sochi Autodrom,16.993750000000002,10.3,24.2,67.16666666666667,0.0,0,0,5.120833333333334,10.5,4.416666666666667,16.170833333333334,10.3,21.2,67.45833333333333,0.0,0,0,4.941666666666666,8.6,4.708333333333333,17.816666666666666,11.5,24.2,66.875,0.0,0,0,5.3,10.5,4.125,72
2017,5,Spanish Grand Prix,2017-05-14,catalunya,Circuit de Barcelona-Catalunya,19.272916666666667,13.8,25.4,56.375,0.6,2,1,9.65,20.5,34.625,19.5625,13.8,25.4,53.041666666666664,0.5,1,1,13.266666666666667,20.5,18.458333333333332,18.983333333333334,14.5,23.5,59.708333333333336,0.1,1,1,6.033333333333332,13.7,50.791666666666664,72
2017,6,Monaco Grand Prix,2017-05-28,monaco,Circuit de Monaco,23.495833333333334,18.4,27.0,45.916666666666664,0.0,0,0,5.66875,12.1,7.979166666666667,23.075,18.4,26.3,45.791666666666664,0.0,0,0,6.075,12.1,5.583333333333333,23.916666666666668,19.4,27.0,46.041666666666664,0.0,0,0,5.2625,10.0,10.375,72
2017,7,Canadian Grand Prix,2017-06-11,villeneuve,Circuit Gilles Villeneuve,21.120833333333334,11.4,28.0,62.1875,0.5,2,1,16.825,36.5,52.625,18.441666666666666,11.4,24.5,61.916666666666664,0.2,1,1,8.05,15.5,57.666666666666664,23.799999999999997,18.1,28.0,62.458333333333336,0.3,1,1,25.599999999999998,36.5,47.583333333333336,72
2017,8,Azerbaijan Grand Prix,2017-06-25,baku,Baku City Circuit,23.20625,19.8,28.0,78.91666666666667,0.1,1,1,15.0875,25.7,15.041666666666666,22.683333333333337,19.8,25.5,78.83333333333333,0.1,1,1,14.462499999999999,23.8,16.75,23.729166666666668,20.2,28.0,79.0,0.0,0,0,15.7125,25.7,13.333333333333334,72
2017,9,Austrian Grand Prix,2017-07-09,red_bull_ring,Red Bull Ring,21.860416666666666,14.7,28.5,66.29166666666667,1.0,5,1,5.533333333333334,13.0,54.770833333333336,21.820833333333336,14.7,28.5,65.41666666666667,0.6000000000000001,3,1,6.779166666666666,13.0,39.333333333333336,21.900000000000002,15.6,27.8,67.16666666666667,0.4,2,1,4.2875000000000005,9.2,70.20833333333333,72
2017,10,British Grand Prix,2017-07-16,silverstone,Silverstone Circuit,17.708333333333332,13.0,22.6,79.9375,2.8999999999999995,11,1,16.702083333333334,24.9,88.5625,16.425,13.0,21.4,80.875,1.3,4,1,16.875,24.9,87.79166666666667,18.991666666666667,16.3,22.6,79.0,1.5999999999999999,7,1,16.529166666666665,19.8,89.33333333333333,72
2017,11,Hungarian Grand Prix,2017-07-30,hungaroring,Hungaroring,22.960416666666664,15.8,29.7,58.1875,0.0,0,0,8.714583333333334,15.5,16.625,21.929166666666664,16.5,26.5,58.458333333333336,0.0,0,0,9.870833333333332,15.5,14.083333333333334,23.991666666666664,15.8,29.7,57.916666666666664,0.0,0,0,7.558333333333333,13.3,19.166666666666668,72
2017,12,Belgian Grand Prix,2017-08-27,spa,Circuit de Spa-Francorchamps,18.520833333333332,13.5,22.6,83.95833333333333,4.699999999999999,13,1,7.318749999999999,15.5,63.625,18.9375,16.0,22.6,87.875,4.4,11,1,8.729166666666666,15.5,70.625,18.104166666666668,13.5,22.6,80.04166666666667,0.30000000000000004,2,1,5.908333333333334,11.5,56.625,72
2017,13,Italian Grand Prix,2017-09-03,monza,Autodromo Nazionale di Monza,16.785416666666666,12.6,23.2,71.9375,22.0,17,1,8.391666666666667,20.4,68.41666666666667,15.933333333333332,14.6,17.8,80.66666666666667,22.0,17,1,10.108333333333334,20.4,89.0,17.6375,12.6,23.2,63.208333333333336,0.0,0,0,6.675,18.9,47.833333333333336,72
2017,14,Singapore Grand Prix,2017-09-17,marina_bay,Marina Bay Street Circuit,27.306250000000002,25.0,29.4,84.29166666666667,22.299999999999997,25,1,13.470833333333333,22.2,86.35416666666667,27.150000000000002,25.0,28.9,84.25,7.800000000000001,10,1,12.179166666666667,17.2,89.45833333333333,27.462500000000002,26.4,29.4,84.33333333333333,14.5,15,1,14.762499999999998,22.2,83.25,72
2017,15,Malaysian Grand Prix,2017-10-01,sepang,Sepang International Circuit,26.175,22.7,30.3,87.625,15.7,13,1,6.337499999999999,12.6,92.85416666666667,26.258333333333336,23.7,30.3,86.75,1.4,4,1,7.3,12.6,89.41666666666667,26.09166666666667,22.7,30.3,88.5,14.3,9,1,5.375,11.1,96.29166666666667,72
2017,16,Japanese Grand Prix,2017-10-08,suzuka,Suzuka Circuit,20.025,15.4,24.4,87.20833333333333,1.5000000000000002,3,1,5.739583333333333,13.3,43.020833333333336,19.1125,15.4,21.9,89.0,1.5000000000000002,3,1,5.995833333333333,13.3,65.45833333333333,20.9375,17.0,24.4,85.41666666666667,0.0,0,0,5.483333333333333,9.7,20.583333333333332,72
2017,17,United States Grand Prix,2017-10-22,americas,Circuit of the Americas,23.2625,16.0,31.7,73.95833333333333,39.60000000000001,9,1,18.664583333333336,28.5,49.958333333333336,25.166666666666668,21.6,31.7,80.125,2.7,5,1,18.541666666666668,26.8,60.791666666666664,21.358333333333334,16.0,25.7,67.79166666666667,36.900000000000006,4,1,18.787499999999998,28.5,39.125,72
2017,18,Mexican Grand Prix,2017-10-29,rodriguez,Autódromo Hermanos Rodríguez,15.862500000000002,10.3,23.1,62.145833333333336,0.30000000000000004,3,1,6.845833333333334,13.9,49.020833333333336,15.5625,10.8,22.2,63.375,0.30000000000000004,3,1,8.291666666666666,13.9,44.833333333333336,16.162499999999998,10.3,23.1,60.916666666666664,0.0,0,0,5.3999999999999995,11.9,53.208333333333336,72
2017,19,Brazilian Grand Prix,2017-11-12,interlagos,Autódromo José Carlos Pace,18.635416666666668,12.0,26.6,78.4375,1.3,9,1,10.991666666666667,22.6,50.916666666666664,18.004166666666666,13.8,21.1,88.20833333333333,1.3,9,1,12.954166666666666,22.6,78.375,19.26666666666667,12.0,26.6,68.66666666666667,0.0,0,0,9.029166666666667,15.6,23.458333333333332,72
2017,20,Abu Dhabi Grand Prix,2017-11-26,yas_marina,Yas Marina Circuit,24.322916666666668,22.1,26.6,52.145833333333336,0.0,0,0,20.495833333333334,28.6,25.4375,24.908333333333335,23.1,26.6,49.333333333333336,0.0,0,0,22.879166666666666,28.6,9.541666666666666,23.737499999999997,22.1,25.6,54.958333333333336,0.0,0,0,18.1125,23.2,41.333333333333336,72
2018,1,Australian Grand Prix,2018-03-25,albert_park,Albert Park Grand Prix Circuit,19.958333333333332,11.2,23.4,67.60416666666667,25.799999999999997,22,1,20.660416666666666,39.8,82.20833333333333,20.029166666666665,18.2,22.5,75.75,20.6,15,1,14.433333333333332,23.9,86.75,19.8875,11.2,23.4,59.458333333333336,5.2,7,1,26.8875,39.8,77.66666666666667,72
2018,2,Bahrain Grand Prix,2018-04-08,bahrain,Bahrain International Circuit,26.31041666666667,22.3,32.0,51.9375,2.5,5,1,12.06875,22.7,67.79166666666667,26.150000000000002,22.4,31.7,51.25,2.5,5,1,12.229166666666666,22.7,80.75,26.47083333333333,22.3,32.0,52.625,0.0,0,0,11.908333333333333,22.5,54.833333333333336,72
2018,3,Chinese Grand Prix,2018-04-15,shanghai,Shanghai International Circuit,13.550000000000002,8.2,18.3,72.54166666666667,13.4,8,1,13.839583333333332,24.9,53.229166666666664,13.904166666666667,11.4,17.8,81.58333333333333,13.4,8,1,16.891666666666666,24.9,98.20833333333333,13.195833333333333,8.2,18.3,63.5,0.0,0,0,10.7875,15.2,8.25,72
2018,4,Azerbaijan Grand Prix,2018-04-29,baku,Baku City Circuit,17.23125,12.4,24.1,64.47916666666667,0.6000000000000001,5,1,27.8625,45.8,76.02083333333333,18.96666666666667,14.0,24.1,66.875,0.1,1,1,17.712500000000002,33.0,62.291666666666664,15.495833333333335,12.4,20.2,62.083333333333336,0.5,4,1,38.012499999999996,45.8,89.75,72
2018,5,Spanish Grand Prix,2018-05-13,catalunya,Circuit de Barcelona-Catalunya,14.1625,9.4,19.1,80.70833333333333,26.4,24,1,10.070833333333333,19.5,53.3125,15.512499999999998,12.2,19.1,86.375,2.9000000000000004,11,1,9.520833333333334,18.0,56.625,12.8125,9.4,16.0,75.04166666666667,23.5,13,1,10.620833333333332,19.5,50.0,72
2018,6,Monaco Grand Prix,2018-05-27,monaco,Circuit de Monaco,23.316666666666666,17.5,28.0,66.4375,0.4,2,1,7.422916666666667,20.6,61.958333333333336,22.558333333333334,17.5,26.5,68.875,0.0,0,0,4.1499999999999995,7.9,37.458333333333336,24.075,20.7,28.0,64.0,0.4,2,1,10.695833333333333,20.6,86.45833333333333,72
2018,7,Canadian Grand Prix,2018-06-10,villeneuve,Circuit Gilles Villeneuve,16.133333333333336,9.6,22.0,52.104166666666664,0.0,0,0,10.299999999999999,21.4,42.875,17.129166666666666,11.1,22.0,52.458333333333336,0.0,0,0,12.558333333333332,21.4,34.958333333333336,15.137500000000001,9.6,19.8,51.75,0.0,0,0,8.041666666666666,13.0,50.791666666666664,72
2018,8,French Grand Prix,2018-06-24,ricard,Circuit Paul Ricard,19.810416666666665,16.1,23.6,74.14583333333333,10.5,12,1,7.183333333333334,16.6,57.520833333333336,19.95,16.5,23.6,81.04166666666667,10.5,12,1,7.395833333333333,16.6,34.25,19.67083333333333,16.1,23.5,67.25,0.0,0,0,6.970833333333334,15.1,80.79166666666667,72
2018,9,Austrian Grand Prix,2018-07-01,red_bull_ring,Red Bull Ring,16.216666666666665,11.1,23.2,72.20833333333333,1.2,5,1,6.1875,12.3,50.833333333333336,17.775000000000002,12.6,23.2,73.45833333333333,1.2,5,1,7.025000000000001,12.3,32.208333333333336,14.658333333333331,11.1,19.5,70.95833333333333,0.0,0,0,5.3500000000000005,12.3,69.45833333333333,72
2018,10,British Grand Prix,2018-07-08,silverstone,Silverstone Circuit,22.347916666666663,15.8,29.0,55.770833333333336,0.0,0,0,11.108333333333334,20.3,22.5625,22.295833333333334,16.6,27.3,54.458333333333336,0.0,0,0,11.104166666666666,15.1,32.916666666666664,22.399999999999995,15.8,29.0,57.083333333333336,0.0,0,0,11.112499999999999,20.3,12.208333333333334,72
2018,11,German Grand Prix,2018-07-22,hockenheimring,Hockenheimring,21.3875,18.1,26.8,78.0,6.9,24,1,8.316666666666668,15.3,84.52083333333333,21.09166666666667,19.2,23.3,78.125,4.800000000000001,16,1,9.637500000000001,15.3,97.79166666666667,21.683333333333334,18.1,26.8,77.875,2.1,8,1,6.995833333333334,13.2,71.25,72
2018,12,Hungarian Grand Prix,2018-07-29,hungaroring,Hungaroring,26.120833333333337,20.0,33.4,64.85416666666667,1.3,2,1,7.060416666666666,19.1,60.145833333333336,24.754166666666663,20.0,30.4,71.95833333333333,1.3,2,1,5.9750000000000005,9.9,68.20833333333333,27.4875,21.0,33.4,57.75,0.0,0,0,8.145833333333334,19.1,52.083333333333336,72
2018,13,Belgian Grand Prix,2018-08-26,spa,Circuit de Spa-Francorchamps,11.710416666666665,5.8,17.0,74.52083333333333,7.9,20,1,15.25625,25.1,66.5625,11.625,9.2,14.2,78.33333333333333,5.6,16,1,18.008333333333333,25.1,68.5,11.795833333333334,5.8,17.0,70.70833333333333,2.3,4,1,12.504166666666665,21.7,64.625,72
2018,14,Italian Grand Prix,2018-09-02,monza,Autodromo Nazionale di Monza,17.65416666666667,15.3,21.2,86.8125,31.200000000000003,23,1,5.458333333333333,15.5,90.89583333333333,17.725,15.9,21.2,85.125,29.099999999999998,16,1,7.5249999999999995,15.5,93.75,17.583333333333332,15.3,20.1,88.5,2.1000000000000005,7,1,3.391666666666666,5.9,88.04166666666667,72
2018,15,Singapore Grand Prix,2018-09-16,marina_bay,Marina Bay Street Circuit,27.59375,26.0,29.6,77.3125,3.4000000000000004,13,1,14.270833333333334,22.0,91.45833333333333,27.625,26.0,29.6,78.91666666666667,2.2,7,1,12.570833333333333,20.8,93.16666666666667,27.5625,26.2,29.3,75.70833333333333,1.2,6,1,15.970833333333331,22.0,89.75,72
2018,16,Russian Grand Prix,2018-09-30,sochi,Sochi Autodrom,18.897916666666667,15.2,23.9,72.89583333333333,1.4,8,1,5.520833333333333,13.9,51.645833333333336,18.629166666666666,16.3,21.0,78.25,1.4,8,1,3.641666666666667,7.1,52.333333333333336,19.166666666666668,15.2,23.9,67.54166666666667,0.0,0,0,7.400000000000001,13.9,50.958333333333336,72
2018,17,Japanese Grand Prix,2018-10-07,suzuka,Suzuka Circuit,23.729166666666668,19.4,26.6,83.52083333333333,10.100000000000001,16,1,18.04375,28.6,35.354166666666664,24.179166666666664,22.6,26.3,91.33333333333333,10.100000000000001,16,1,23.599999999999998,28.6,60.541666666666664,23.27916666666667,19.4,26.6,75.70833333333333,0.0,0,0,12.487500000000002,18.7,10.166666666666666,72
2018,18,United States Grand Prix,2018-10-21,americas,Circuit of the Americas,17.268749999999997,13.5,21.1,72.27083333333333,0.7,5,1,16.641666666666666,24.4,78.75,17.591666666666665,15.9,19.7,85.125,0.7,5,1,17.8375,24.4,85.0,16.94583333333333,13.5,21.1,59.416666666666664,0.0,0,0,15.445833333333335,20.1,72.5,72
2018,19,Mexican Grand Prix,2018-10-28,rodriguez,Autódromo Hermanos Rodríguez,15.581249999999999,12.6,19.9,79.79166666666667,15.500000000000002,21,1,7.266666666666666,14.5,80.125,15.541666666666666,12.6,18.9,83.125,14.2,12,1,7.345833333333334,13.5,71.54166666666667,15.620833333333332,12.9,19.9,76.45833333333333,1.3,9,1,7.1875,14.5,88.70833333333333,72
2018,20,Brazilian Grand Prix,2018-11-11,interlagos,Autódromo José Carlos Pace,19.837500000000002,16.5,25.1,87.39583333333333,3.3999999999999995,17,1,9.483333333333333,20.4,56.1875,19.38333333333333,16.5,23.8,85.54166666666667,1.8,8,1,10.033333333333333,13.9,62.708333333333336,20.291666666666668,17.0,25.1,89.25,1.6,9,1,8.933333333333334,20.4,49.666666666666664,72
2018,21,Abu Dhabi Grand Prix,2018-11-25,yas_marina,Yas Marina Circuit,26.08125,19.5,32.8,61.0,0.6,2,1,17.847916666666666,33.1,33.875,25.2625,19.5,31.6,61.041666666666664,0.0,0,0,13.262499999999998,20.0,44.666666666666664,26.900000000000002,23.1,32.8,60.958333333333336,0.6,2,1,22.433333333333334,33.1,23.083333333333332,72
2019,1,Australian Grand Prix,2019-03-17,albert_park,Albert Park Grand Prix Circuit,19.033333333333335,11.2,27.1,76.20833333333333,0.0,0,0,9.145833333333334,19.6,23.75,18.958333333333332,11.2,27.1,71.54166666666667,0.0,0,0,9.9375,19.6,37.291666666666664,19.108333333333334,13.3,25.1,80.875,0.0,0,0,8.354166666666666,15.2,10.208333333333334,72
2019,2,Bahrain Grand Prix,2019-03-31,bahrain,Bahrain International Circuit,23.6875,17.4,29.8,56.958333333333336,3.1000000000000005,6,1,22.20625,39.5,78.04166666666667,22.20416666666667,17.4,27.0,55.208333333333336,3.1000000000000005,6,1,15.704166666666666,26.0,72.66666666666667,25.170833333333334,20.9,29.8,58.708333333333336,0.0,0,0,28.708333333333332,39.5,83.41666666666667,72
2019,3,Chinese Grand Prix,2019-04-14,shanghai,Shanghai International Circuit,13.989583333333334,8.2,19.7,76.66666666666667,0.0,0,0,11.358333333333334,20.6,55.375,13.887499999999998,8.2,19.7,73.20833333333333,0.0,0,0,12.470833333333331,18.6,41.291666666666664,14.091666666666669,9.2,19.0,80.125,0.0,0,0,10.245833333333332,20.6,69.45833333333333,72
2019,4,Azerbaijan Grand Prix,2019-04-28,baku,Baku City Circuit,14.0625,10.6,17.6,80.33333333333333,0.0,0,0,17.560416666666665,28.5,5.3125,13.804166666666665,10.9,16.7,77.54166666666667,0.0,0,0,16.879166666666666,23.4,0.0,14.320833333333333,10.6,17.6,83.125,0.0,0,0,18.241666666666664,28.5,10.625,72
2019,5,Spanish Grand Prix,2019-05-12,catalunya,Circuit de Barcelona-Catalunya,16.308333333333334,11.4,20.6,71.58333333333333,0.30000000000000004,2,1,8.46875,22.3,29.020833333333332,17.0,13.5,20.6,73.29166666666667,0.30000000000000004,2,1,8.633333333333333,18.0,50.333333333333336,15.616666666666665,11.4,20.6,69.875,0.0,0,0,8.304166666666667,22.3,7.708333333333333,72
2019,6,Monaco Grand Prix,2019-05-26,monaco,Circuit de Monaco,17.772916666666664,14.1,21.5,82.47916666666667,1.1,4,1,4.779166666666667,11.8,84.58333333333333,17.054166666666664,14.5,20.1,86.58333333333333,0.0,0,0,5.270833333333333,11.8,88.08333333333333,18.491666666666667,14.1,21.5,78.375,1.1,4,1,4.2875,7.9,81.08333333333333,72
2019,7,Canadian Grand Prix,2019-06-09,villeneuve,Circuit Gilles Villeneuve,17.935416666666665,9.5,26.8,54.416666666666664,0.0,0,0,8.779166666666667,15.3,34.479166666666664,15.895833333333334,9.5,21.4,56.708333333333336,0.0,0,0,8.1,11.8,24.791666666666668,19.974999999999998,12.3,26.8,52.125,0.0,0,0,9.458333333333334,15.3,44.166666666666664,72
2019,8,French Grand Prix,2019-06-23,ricard,Circuit Paul Ricard,21.952083333333334,16.8,27.9,56.979166666666664,1.4000000000000001,5,1,8.504166666666668,13.9,44.1875,21.662500000000005,16.8,25.6,59.916666666666664,1.4000000000000001,5,1,9.191666666666666,13.9,30.208333333333332,22.241666666666664,16.9,27.9,54.041666666666664,0.0,0,0,7.816666666666666,13.5,58.166666666666664,72
2019,9,Austrian Grand Prix,2019-06-30,red_bull_ring,Red Bull Ring,21.4875,12.8,33.8,62.291666666666664,0.0,0,0,4.7875000000000005,11.4,11.4375,19.779166666666665,12.8,27.0,66.04166666666667,0.0,0,0,4.658333333333334,10.9,0.5833333333333334,23.195833333333336,12.9,33.8,58.541666666666664,0.0,0,0,4.916666666666667,11.4,22.291666666666668,72
2019,10,British Grand Prix,2019-07-14,silverstone,Silverstone Circuit,16.625,12.6,20.6,77.39583333333333,3.2,20,1,12.0,20.4,73.3125,16.804166666666664,12.6,20.6,77.83333333333333,2.0,13,1,12.691666666666668,20.4,71.08333333333333,16.445833333333336,13.7,20.0,76.95833333333333,1.2000000000000002,7,1,11.308333333333332,16.7,75.54166666666667,72
2019,11,German Grand Prix,2019-07-28,hockenheimring,Hockenheimring,23.05,19.7,28.4,74.60416666666667,12.4,26,1,9.141666666666667,21.0,92.5,24.73333333333333,21.4,28.4,66.5,0.7000000000000001,5,1,9.541666666666666,21.0,89.83333333333333,21.366666666666664,19.7,25.0,82.70833333333333,11.7,21,1,8.741666666666667,18.7,95.16666666666667,72
2019,12,Hungarian Grand Prix,2019-08-04,hungaroring,Hungaroring,20.006249999999998,15.4,25.0,69.85416666666667,3.1000000000000005,6,1,9.5375,16.3,42.291666666666664,20.441666666666666,17.2,25.0,75.04166666666667,3.0000000000000004,5,1,10.262500000000001,16.3,71.625,19.570833333333333,15.4,23.3,64.66666666666667,0.1,1,1,8.8125,14.5,12.958333333333334,72
2019,13,Belgian Grand Prix,2019-09-01,spa,Circuit de Spa-Francorchamps,18.685416666666665,12.7,29.1,64.8125,0.30000000000000004,3,1,13.535416666666668,20.5,49.979166666666664,22.133333333333336,14.6,29.1,54.125,0.1,1,1,13.708333333333334,20.5,24.666666666666668,15.237499999999999,12.7,17.9,75.5,0.2,2,1,13.362499999999999,16.2,75.29166666666667,72
2019,14,Italian Grand Prix,2019-09-08,monza,Autodromo Nazionale di Monza,16.804166666666667,13.2,22.4,78.9375,70.8,18,1,6.977083333333333,21.3,63.354166666666664,17.704166666666666,13.2,22.4,78.70833333333333,0.5,1,1,5.645833333333333,13.1,45.583333333333336,15.904166666666669,13.7,19.8,79.16666666666667,70.3,17,1,8.308333333333334,21.3,81.125,72
2019,15,Singapore Grand Prix,2019-09-22,marina_bay,Marina Bay Street Circuit,28.95,25.9,32.9,71.72916666666667,0.0,0,0,17.1875,23.9,59.166666666666664,29.004166666666666,26.3,32.4,70.95833333333333,0.0,0,0,17.358333333333334,20.6,50.333333333333336,28.895833333333332,25.9,32.9,72.5,0.0,0,0,17.016666666666666,23.9,68.0,72
2019,16,Russian Grand Prix,2019-09-29,sochi,Sochi Autodrom,17.804166666666667,14.2,20.8,81.77083333333333,32.8,20,1,5.660416666666667,11.6,34.583333333333336,18.379166666666666,15.2,20.8,83.66666666666667,31.400000000000002,13,1,5.829166666666666,11.1,42.125,17.229166666666668,14.2,20.3,79.875,1.4000000000000001,7,1,5.491666666666667,11.6,27.041666666666668,72
2019,17,Japanese Grand Prix,2019-10-13,suzuka,Suzuka Circuit,20.375,17.2,22.2,79.3125,134.4,23,1,31.570833333333336,57.2,51.104166666666664,20.82083333333333,19.7,21.5,90.08333333333333,134.4,23,1,34.275,57.2,92.125,19.929166666666664,17.2,22.2,68.54166666666667,0.0,0,0,28.866666666666664,46.7,10.083333333333334,72
2019,18,Mexican Grand Prix,2019-10-27,rodriguez,Autódromo Hermanos Rodríguez,16.48125,12.2,21.0,78.25,12.399999999999999,14,1,4.941666666666666,11.4,90.97916666666667,16.17083333333333,12.2,20.4,77.79166666666667,0.1,1,1,5.041666666666667,10.7,89.41666666666667,16.791666666666668,13.6,21.0,78.70833333333333,12.3,13,1,4.841666666666667,11.4,92.54166666666667,72
2019,19,United States Grand Prix,2019-11-03,americas,Circuit of the Americas,12.222916666666668,4.4,19.8,57.5625,0.0,0,0,11.002083333333333,19.1,32.458333333333336,11.020833333333334,4.4,18.2,56.333333333333336,0.0,0,0,9.75,15.1,27.041666666666668,13.424999999999999,5.5,19.8,58.791666666666664,0.0,0,0,12.254166666666668,19.1,37.875,72
2019,20,Brazilian Grand Prix,2019-11-17,interlagos,Autódromo José Carlos Pace,16.910416666666666,14.0,20.7,81.75,0.5,4,1,15.112500000000002,26.5,30.729166666666668,17.004166666666666,14.6,19.5,83.66666666666667,0.5,4,1,13.3125,19.2,42.875,16.816666666666666,14.0,20.7,79.83333333333333,0.0,0,0,16.912499999999998,26.5,18.583333333333332,72
2019,21,Abu Dhabi Grand Prix,2019-12-01,yas_marina,Yas Marina Circuit,23.568749999999998,17.9,27.8,71.5625,0.0,0,0,10.643749999999999,21.0,10.979166666666666,23.120833333333326,17.9,27.2,71.33333333333333,0.0,0,0,10.3125,21.0,9.583333333333334,24.016666666666666,20.4,27.8,71.79166666666667,0.0,0,0,10.975,20.6,12.375,72
2020,1,Austrian Grand Prix,2020-07-05,red_bull_ring,Red Bull Ring,18.479166666666668,9.8,26.6,66.79166666666667,0.0,0,0,4.2437499999999995,9.5,30.520833333333332,17.395833333333332,9.8,23.0,66.41666666666667,0.0,0,0,4.908333333333333,9.5,37.458333333333336,19.5625,11.3,26.6,67.16666666666667,0.0,0,0,3.579166666666667,8.9,23.583333333333332,72
2020,2,Styrian Grand Prix,2020-07-12,red_bull_ring,Red Bull Ring,15.183333333333335,8.9,19.9,81.83333333333333,36.5,17,1,4.602083333333333,12.0,59.895833333333336,15.7875,12.2,19.9,94.75,36.5,17,1,3.3958333333333335,12.0,77.20833333333333,14.579166666666667,8.9,19.6,68.91666666666667,0.0,0,0,5.808333333333333,11.5,42.583333333333336,72
2020,3,Hungarian Grand Prix,2020-07-19,hungaroring,Hungaroring,17.510416666666668,14.5,21.6,82.45833333333333,13.3,29,1,6.920833333333333,15.8,88.64583333333333,17.408333333333335,14.5,21.3,78.0,6.7,18,1,5.2,10.0,85.20833333333333,17.6125,14.9,21.6,86.91666666666667,6.6000000000000005,11,1,8.641666666666667,15.8,92.08333333333333,72
2020,4,British Grand Prix,2020-08-02,silverstone,Silverstone Circuit,17.866666666666664,11.3,22.4,65.16666666666667,1.9,8,1,15.4375,21.1,60.0,18.9375,14.5,22.4,69.5,1.9,8,1,16.96666666666667,21.1,62.583333333333336,16.79583333333333,11.3,21.0,60.833333333333336,0.0,0,0,13.908333333333331,18.0,57.416666666666664,72
2020,5,70th Anniversary Grand Prix,2020-08-09,silverstone,Silverstone Circuit,21.37708333333333,15.1,27.7,71.52083333333333,0.0,0,0,16.587500000000002,22.7,48.895833333333336,22.09166666666667,17.3,27.2,68.08333333333333,0.0,0,0,16.708333333333332,22.5,51.5,20.662499999999998,15.1,27.7,74.95833333333333,0.0,0,0,16.466666666666665,22.7,46.291666666666664,72
2020,6,Spanish Grand Prix,2020-08-16,catalunya,Circuit de Barcelona-Catalunya,24.614583333333332,20.0,30.2,74.91666666666667,2.8,10,1,8.456249999999999,17.7,29.875,25.25,21.1,30.2,72.70833333333333,0.2,1,1,8.595833333333333,17.7,15.625,23.979166666666668,20.0,27.6,77.125,2.5999999999999996,9,1,8.316666666666668,14.7,44.125,72
2020,7,Belgian Grand Prix,2020-08-30,spa,Circuit de Spa-Francorchamps,13.200000000000001,8.2,17.0,84.4375,9.7,20,1,11.168750000000001,20.0,64.79166666666667,13.387500000000003,11.0,16.6,81.33333333333333,1.7000000000000002,11,1,13.004166666666668,20.0,49.125,13.012499999999998,8.2,17.0,87.54166666666667,8.0,9,1,9.333333333333332,17.2,80.45833333333333,72
2020,8,Italian Grand Prix,2020-09-06,monza,Autodromo Nazionale di Monza,21.200000000000003,15.8,26.8,76.39583333333333,4.8,4,1,5.983333333333334,14.1,22.3125,21.2625,15.8,26.8,79.25,0.0,0,0,5.1125,8.7,4.291666666666667,21.1375,16.8,26.0,73.54166666666667,4.8,4,1,6.854166666666667,14.1,40.333333333333336,72
2020,9,Tuscan Grand Prix,2020-09-13,mugello,Autodromo Internazionale del Mugello,23.777083333333337,18.7,30.1,55.604166666666664,0.0,0,0,12.125,16.8,0.4583333333333333,23.599999999999998,19.1,28.5,55.333333333333336,0.0,0,0,12.3375,16.8,0.9166666666666666,23.954166666666666,18.7,30.1,55.875,0.0,0,0,11.9125,15.5,0.0,72
2020,10,Russian Grand Prix,2020-09-27,sochi,Sochi Autodrom,23.239583333333332,18.0,29.4,63.791666666666664,0.2,1,1,5.108333333333333,11.8,20.6875,22.84583333333333,19.6,26.2,67.75,0.2,1,1,4.370833333333334,11.8,41.041666666666664,23.633333333333336,18.0,29.4,59.833333333333336,0.0,0,0,5.845833333333334,10.9,0.3333333333333333,72
2020,11,Eifel Grand Prix,2020-10-11,nurburgring,Nürburgring,6.454166666666666,3.7,8.7,78.9375,0.30000000000000004,2,1,14.162500000000001,21.2,67.1875,6.866666666666667,5.0,8.7,77.0,0.1,1,1,16.066666666666666,21.2,66.75,6.041666666666667,3.7,8.7,80.875,0.2,1,1,12.258333333333333,17.8,67.625,72
2020,12,Portuguese Grand Prix,2020-10-25,portimao,Autódromo Internacional do Algarve,15.393749999999999,11.0,20.1,80.4375,3.5,5,1,11.3375,27.1,34.395833333333336,14.729166666666666,11.0,19.5,76.0,0.0,0,0,7.491666666666666,13.4,9.958333333333334,16.058333333333334,12.7,20.1,84.875,3.5,5,1,15.183333333333335,27.1,58.833333333333336,72
2020,13,Emilia Romagna Grand Prix,2020-11-01,imola,Autodromo Enzo e Dino Ferrari,13.716666666666667,9.6,18.5,84.0625,0.0,0,0,6.2124999999999995,10.7,48.3125,13.416666666666666,9.6,17.9,85.66666666666667,0.0,0,0,5.716666666666666,8.9,37.25,14.016666666666666,10.0,18.5,82.45833333333333,0.0,0,0,6.708333333333333,10.7,59.375,72
2020,14,Turkish Grand Prix,2020-11-15,istanbul,Istanbul Park,11.05625,7.9,13.0,87.75,2.8,17,1,10.28125,14.5,67.1875,11.775,10.8,12.8,85.875,2.3,12,1,12.633333333333335,14.5,81.375,10.3375,7.9,13.0,89.625,0.5,5,1,7.929166666666666,12.4,53.0,72
2020,15,Bahrain Grand Prix,2020-11-29,bahrain,Bahrain International Circuit,24.425,21.2,28.7,63.208333333333336,0.2,2,1,15.960416666666667,28.0,49.354166666666664,24.78333333333333,21.8,28.7,61.0,0.0,0,0,15.5625,25.0,65.375,24.066666666666666,21.2,27.9,65.41666666666667,0.2,2,1,16.358333333333334,28.0,33.333333333333336,72
2020,16,Sakhir Grand Prix,2020-12-06,bahrain,Bahrain International Circuit,22.97083333333333,18.7,26.5,76.75,0.0,0,0,17.66875,30.8,23.958333333333332,23.27916666666667,20.9,26.5,80.91666666666667,0.0,0,0,12.733333333333334,20.2,20.791666666666668,22.662499999999998,18.7,26.4,72.58333333333333,0.0,0,0,22.604166666666668,30.8,27.125,72
2020,17,Abu Dhabi Grand Prix,2020-12-13,yas_marina,Yas Marina Circuit,22.09583333333333,19.3,24.6,56.375,0.0,0,0,13.129166666666668,21.5,42.0,22.166666666666668,20.1,24.6,56.916666666666664,0.0,0,0,13.116666666666665,21.5,33.625,22.025000000000002,19.3,23.9,55.833333333333336,0.0,0,0,13.141666666666666,19.9,50.375,72
2021,1,Bahrain Grand Prix,2021-03-28,bahrain,Bahrain International Circuit,25.272916666666664,19.8,38.8,47.479166666666664,0.0,0,0,29.402083333333337,43.3,0.0,28.958333333333332,23.0,38.8,41.458333333333336,0.0,0,0,20.566666666666666,32.2,0.0,21.587500000000002,19.8,23.6,53.5,0.0,0,0,38.237500000000004,43.3,0.0,72
2021,2,Emilia Romagna Grand Prix,2021-04-18,imola,Autodromo Enzo e Dino Ferrari,8.59375,3.0,13.0,63.395833333333336,0.7000000000000001,5,1,7.679166666666667,15.8,65.60416666666667,8.079166666666667,3.0,12.9,61.708333333333336,0.0,0,0,8.116666666666667,15.8,70.54166666666667,9.108333333333334,5.5,13.0,65.08333333333333,0.7000000000000001,5,1,7.241666666666666,15.6,60.666666666666664,72
2021,3,Portuguese Grand Prix,2021-05-02,portimao,Autódromo Internacional do Algarve,13.331249999999999,8.5,19.3,63.708333333333336,0.0,0,0,14.170833333333334,24.4,47.583333333333336,13.208333333333334,9.9,17.3,64.875,0.0,0,0,12.708333333333334,18.4,34.166666666666664,13.454166666666666,8.5,19.3,62.541666666666664,0.0,0,0,15.633333333333335,24.4,61.0,72
2021,4,Spanish Grand Prix,2021-05-09,catalunya,Circuit de Barcelona-Catalunya,17.460416666666664,11.8,24.0,72.22916666666667,1.3,2,1,8.935416666666667,19.8,54.833333333333336,17.629166666666666,11.8,24.0,72.83333333333333,0.0,0,0,8.529166666666667,17.2,33.208333333333336,17.291666666666668,12.4,21.8,71.625,1.3,2,1,9.341666666666667,19.8,76.45833333333333,72
2021,5,Monaco Grand Prix,2021-05-23,monaco,Circuit de Monaco,17.35625,14.5,23.1,76.35416666666667,0.6000000000000001,2,1,9.685416666666667,20.6,86.66666666666667,16.391666666666666,14.9,18.2,85.25,0.6000000000000001,2,1,10.508333333333335,20.0,83.54166666666667,18.320833333333333,14.5,23.1,67.45833333333333,0.0,0,0,8.8625,20.6,89.79166666666667,72
2021,6,Azerbaijan Grand Prix,2021-06-06,baku,Baku City Circuit,21.847916666666666,18.7,26.5,63.5,0.0,0,0,24.614583333333332,32.7,10.166666666666666,22.645833333333332,19.9,26.5,58.75,0.0,0,0,23.537499999999998,32.1,7.875,21.05,18.7,24.3,68.25,0.0,0,0,25.691666666666666,32.7,12.458333333333334,72
2021,7,French Grand Prix,2021-06-20,ricard,Circuit Paul Ricard,23.414583333333336,18.8,31.5,63.208333333333336,1.7,9,1,13.918750000000001,29.7,91.5,23.645833333333332,18.9,31.5,61.208333333333336,0.0,0,0,12.375,18.3,90.58333333333333,23.183333333333337,18.8,29.0,65.20833333333333,1.7,9,1,15.4625,29.7,92.41666666666667,72
2021,8,Styrian Grand Prix,2021-06-27,red_bull_ring,Red Bull Ring,19.212500000000002,12.0,26.9,70.10416666666667,4.9,7,1,3.5979166666666664,12.1,55.625,18.845833333333335,12.0,26.4,65.79166666666667,0.0,0,0,3.75,12.1,41.5,19.579166666666666,13.0,26.9,74.41666666666667,4.9,7,1,3.445833333333333,8.8,69.75,72
2021,9,Austrian Grand Prix,2021-07-04,red_bull_ring,Red Bull Ring,18.03125,10.2,25.5,68.6875,2.1,9,1,4.3625,13.0,70.6875,18.2125,10.2,25.5,63.166666666666664,0.1,1,1,5.091666666666667,13.0,49.625,17.849999999999998,14.9,23.5,74.20833333333333,2.0,8,1,3.633333333333333,9.9,91.75,72
2021,10,British Grand Prix,2021-07-18,silverstone,Silverstone Circuit,21.545833333333334,14.4,28.2,70.6875,0.0,0,0,6.904166666666668,12.8,5.583333333333333,20.504166666666666,14.4,25.7,71.83333333333333,0.0,0,0,8.225,12.8,6.041666666666667,22.587499999999995,15.5,28.2,69.54166666666667,0.0,0,0,5.583333333333333,9.4,5.125,72
2021,11,Hungarian Grand Prix,2021-08-01,hungaroring,Hungaroring,24.635416666666668,19.1,32.3,63.729166666666664,4.9,6,1,11.108333333333334,25.2,58.9375,24.416666666666668,21.0,28.4,64.04166666666667,4.300000000000001,5,1,9.475,17.1,67.0,24.854166666666668,19.1,32.3,63.416666666666664,0.6,1,1,12.741666666666667,25.2,50.875,72
2021,12,Belgian Grand Prix,2021-08-29,spa,Circuit de Spa-Francorchamps,12.987500000000002,11.6,15.7,95.75,13.7,42,1,18.539583333333336,28.4,95.52083333333333,13.170833333333334,11.6,15.7,96.0,6.9,22,1,17.55416666666667,22.6,93.29166666666667,12.804166666666665,11.9,14.3,95.5,6.800000000000001,20,1,19.525000000000002,28.4,97.75,72
2021,13,Dutch Grand Prix,2021-09-05,zandvoort,Circuit Park Zandvoort,16.256249999999998,12.2,21.5,78.5,0.0,0,0,14.106250000000001,20.6,15.25,15.883333333333333,13.1,19.3,80.66666666666667,0.0,0,0,16.204166666666666,20.6,27.083333333333332,16.629166666666666,12.2,21.5,76.33333333333333,0.0,0,0,12.008333333333333,15.3,3.4166666666666665,72
2021,14,Italian Grand Prix,2021-09-12,monza,Autodromo Nazionale di Monza,23.27916666666667,17.9,28.7,54.3125,0.30000000000000004,2,1,5.891666666666666,12.6,29.583333333333332,23.266666666666666,19.3,27.8,54.208333333333336,0.30000000000000004,2,1,6.029166666666666,12.6,48.041666666666664,23.291666666666668,17.9,28.7,54.416666666666664,0.0,0,0,5.754166666666666,8.0,11.125,72
2021,15,Russian Grand Prix,2021-09-26,sochi,Sochi Autodrom,14.625,11.1,17.7,77.375,61.19999999999999,30,1,10.020833333333334,29.7,73.45833333333333,14.2125,11.1,16.6,79.58333333333333,59.6,16,1,11.824999999999998,29.7,79.95833333333333,15.0375,11.4,17.7,75.16666666666667,1.6,14,1,8.216666666666667,14.2,66.95833333333333,72
2021,16,Turkish Grand Prix,2021-10-10,istanbul,Istanbul Park,16.256249999999998,15.2,18.9,88.16666666666667,6.5,21,1,18.075,24.7,84.625,16.391666666666666,15.2,18.9,88.45833333333333,6.1,17,1,16.0,18.4,80.58333333333333,16.120833333333334,15.3,18.3,87.875,0.4,4,1,20.150000000000002,24.7,88.66666666666667,72
2021,17,United States Grand Prix,2021-10-24,americas,Circuit of the Americas,24.18958333333333,21.0,29.9,82.14583333333333,0.9000000000000001,7,1,14.191666666666668,21.1,58.854166666666664,23.795833333333334,21.0,27.6,83.20833333333333,0.2,2,1,15.545833333333334,21.1,54.041666666666664,24.583333333333332,21.0,29.9,81.08333333333333,0.7000000000000001,5,1,12.8375,19.4,63.666666666666664,72
2021,18,Mexico City Grand Prix,2021-11-07,rodriguez,Autódromo Hermanos Rodríguez,14.702083333333334,6.6,22.9,60.229166666666664,0.0,0,0,7.433333333333334,22.2,64.125,14.479166666666666,6.6,22.6,58.666666666666664,0.0,0,0,7.070833333333333,22.2,58.833333333333336,14.924999999999999,7.4,22.9,61.791666666666664,0.0,0,0,7.795833333333333,22.0,69.41666666666667,72
2021,19,São Paulo Grand Prix,2021-11-14,interlagos,Autódromo José Carlos Pace,15.560416666666667,11.9,23.4,81.08333333333333,0.2,2,1,16.775000000000002,30.7,32.708333333333336,14.6875,11.9,18.4,80.125,0.2,2,1,18.279166666666665,26.2,38.375,16.433333333333334,12.1,23.4,82.04166666666667,0.0,0,0,15.270833333333334,30.7,27.041666666666668,72
2021,20,Qatar Grand Prix,2021-11-21,losail,Losail International Circuit,24.618749999999995,18.0,29.0,69.33333333333333,0.0,0,0,14.104166666666666,23.3,4.125,23.54583333333333,18.0,27.3,66.125,0.0,0,0,10.520833333333332,18.5,6.0,25.691666666666663,23.1,29.0,72.54166666666667,0.0,0,0,17.6875,23.3,2.25,72
2021,21,Saudi Arabian Grand Prix,2021-12-05,jeddah,Jeddah Corniche Circuit,26.208333333333332,20.2,31.7,71.60416666666667,0.0,0,0,10.108333333333334,20.9,2.1458333333333335,25.858333333333334,20.2,31.5,68.66666666666667,0.0,0,0,9.204166666666667,20.4,0.041666666666666664,26.558333333333337,21.9,31.7,74.54166666666667,0.0,0,0,11.012500000000001,20.9,4.25,72
2021,22,Abu Dhabi Grand Prix,2021-12-12,yas_marina,Yas Marina Circuit,23.570833333333336,19.8,26.6,61.541666666666664,0.0,0,0,12.05625,18.6,31.916666666666668,23.55,19.8,26.6,60.75,0.0,0,0,9.304166666666665,16.6,25.833333333333332,23.59166666666667,20.8,25.9,62.333333333333336,0.0,0,0,14.808333333333332,18.6,38.0,72
2022,1,Bahrain Grand Prix,2022-03-20,bahrain,Bahrain International Circuit,19.320833333333333,14.2,28.5,48.479166666666664,0.0,0,0,20.3375,32.6,0.0,18.141666666666666,14.2,22.9,52.041666666666664,0.0,0,0,23.48333333333333,32.6,0.0,20.5,14.7,28.5,44.916666666666664,0.0,0,0,17.191666666666666,26.0,0.0,72
2022,2,Saudi Arabian Grand Prix,2022-03-27,jeddah,Jeddah Corniche Circuit,23.764583333333334,16.7,32.3,53.625,0.0,0,0,24.20625,40.3,0.020833333333333332,22.224999999999998,16.7,28.3,54.25,0.0,0,0,29.333333333333332,40.3,0.0,25.304166666666664,19.2,32.3,53.0,0.0,0,0,19.079166666666666,25.1,0.041666666666666664,72
2022,3,Australian Grand Prix,2022-04-10,albert_park,Albert Park Grand Prix Circuit,20.62708333333333,15.1,26.5,68.85416666666667,0.4,3,1,14.177083333333334,27.7,53.9375,20.104166666666668,15.1,26.0,72.04166666666667,0.4,3,1,11.333333333333334,21.3,45.5,21.150000000000002,16.6,26.5,65.66666666666667,0.0,0,0,17.020833333333332,27.7,62.375,72
2022,4,Emilia Romagna Grand Prix,2022-04-24,imola,Autodromo Enzo e Dino Ferrari,13.700000000000001,8.7,20.3,74.02083333333333,3.7,13,1,11.820833333333333,34.9,80.97916666666667,14.508333333333335,9.6,20.3,74.0,0.4,3,1,10.770833333333334,18.4,84.70833333333333,12.891666666666667,8.7,15.5,74.04166666666667,3.3,10,1,12.870833333333335,34.9,77.25,72
2022,5,Miami Grand Prix,2022-05-08,miami,Miami International Autodrome,25.914583333333336,21.6,33.1,76.5625,18.9,15,1,11.09375,22.2,42.229166666666664,25.566666666666666,22.4,32.2,78.5,16.9,10,1,12.641666666666666,22.2,45.291666666666664,26.2625,21.6,33.1,74.625,2.0,5,1,9.545833333333334,13.2,39.166666666666664,72
2022,6,Spanish Grand Prix,2022-05-22,catalunya,Circuit de Barcelona-Catalunya,25.129166666666674,17.3,34.8,37.979166666666664,0.0,0,0,9.725,23.6,66.25,24.816666666666666,17.3,32.9,41.916666666666664,0.0,0,0,9.720833333333333,18.4,81.66666666666667,25.441666666666663,18.3,34.8,34.041666666666664,0.0,0,0,9.729166666666666,23.6,50.833333333333336,72
2022,7,Monaco Grand Prix,2022-05-29,monaco,Circuit de Monaco,24.022916666666664,19.0,29.3,58.8125,3.4000000000000004,9,1,7.8187500000000005,18.2,46.125,25.929166666666664,21.9,29.3,49.916666666666664,0.0,0,0,6.841666666666666,18.2,43.833333333333336,22.11666666666667,19.0,25.1,67.70833333333333,3.4000000000000004,9,1,8.795833333333334,16.9,48.416666666666664,72
2022,8,Azerbaijan Grand Prix,2022-06-12,baku,Baku City Circuit,23.65625,18.1,28.9,56.208333333333336,0.0,0,0,13.241666666666665,21.1,29.208333333333332,23.65833333333333,18.1,28.9,51.25,0.0,0,0,13.441666666666668,18.8,34.125,23.654166666666665,18.5,26.7,61.166666666666664,0.0,0,0,13.041666666666666,21.1,24.291666666666668,72
2022,9,Canadian Grand Prix,2022-06-19,villeneuve,Circuit Gilles Villeneuve,14.197916666666666,10.3,20.9,58.458333333333336,8.8,10,1,20.910416666666666,28.9,53.979166666666664,12.529166666666667,10.3,16.9,70.29166666666667,8.8,10,1,20.970833333333335,28.9,92.25,15.866666666666667,11.2,20.9,46.625,0.0,0,0,20.849999999999998,26.2,15.708333333333334,72
2022,10,British Grand Prix,2022-07-03,silverstone,Silverstone Circuit,14.122916666666669,9.0,19.0,78.4375,3.3000000000000003,13,1,14.033333333333333,28.3,68.33333333333333,13.966666666666669,10.6,17.5,80.58333333333333,2.4000000000000004,8,1,18.049999999999997,28.3,78.33333333333333,14.279166666666667,9.0,19.0,76.29166666666667,0.9,5,1,10.016666666666666,16.6,58.333333333333336,72
2022,11,Austrian Grand Prix,2022-07-10,red_bull_ring,Red Bull Ring,15.479166666666666,8.7,20.5,67.85416666666667,3.9,11,1,6.997916666666666,17.3,78.08333333333333,15.299999999999999,8.7,20.5,63.583333333333336,0.0,0,0,7.170833333333334,12.7,73.41666666666667,15.658333333333333,12.2,20.4,72.125,3.9,11,1,6.825,17.3,82.75,72
2022,12,French Grand Prix,2022-07-24,ricard,Circuit Paul Ricard,26.41875,19.9,33.2,55.1875,0.0,0,0,8.6,17.1,16.916666666666668,25.895833333333332,19.9,32.0,59.25,0.0,0,0,9.175,17.1,33.791666666666664,26.941666666666663,20.5,33.2,51.125,0.0,0,0,8.025,14.7,0.041666666666666664,72
2022,13,Hungarian Grand Prix,2022-07-31,hungaroring,Hungaroring,20.322916666666668,16.4,25.0,75.20833333333333,11.9,22,1,15.5,29.5,82.75,22.270833333333332,19.9,25.0,71.20833333333333,3.9999999999999996,8,1,12.274999999999999,21.1,86.45833333333333,18.375,16.4,21.0,79.20833333333333,7.8999999999999995,14,1,18.724999999999998,29.5,79.04166666666667,72
2022,14,Belgian Grand Prix,2022-08-28,spa,Circuit de Spa-Francorchamps,16.20625,13.4,20.8,76.04166666666667,0.2,2,1,11.483333333333334,16.4,72.875,15.725,14.1,17.2,85.20833333333333,0.0,0,0,11.729166666666666,14.5,98.79166666666667,16.6875,13.4,20.8,66.875,0.2,2,1,11.237500000000002,16.4,46.958333333333336,72
2022,15,Dutch Grand Prix,2022-09-04,zandvoort,Circuit Park Zandvoort,20.3,15.6,26.7,62.270833333333336,1.8,4,1,12.197916666666666,21.8,63.083333333333336,21.037499999999998,15.9,26.7,45.833333333333336,0.0,0,0,15.516666666666666,21.8,42.166666666666664,19.5625,15.6,23.9,78.70833333333333,1.8,4,1,8.879166666666668,15.8,84.0,72
2022,16,Italian Grand Prix,2022-09-11,monza,Autodromo Nazionale di Monza,20.185416666666665,15.1,25.8,70.08333333333333,0.0,0,0,5.452083333333333,10.4,12.895833333333334,20.1375,15.2,24.8,68.70833333333333,0.0,0,0,5.425,8.7,12.916666666666666,20.233333333333334,15.1,25.8,71.45833333333333,0.0,0,0,5.479166666666667,10.4,12.875,72
2022,17,Singapore Grand Prix,2022-10-02,marina_bay,Marina Bay Street Circuit,26.322916666666668,24.1,28.5,86.52083333333333,33.3,28,1,5.660416666666666,12.8,94.875,26.420833333333334,24.1,28.4,88.45833333333333,16.299999999999997,10,1,5.1875,9.6,96.0,26.224999999999994,24.7,28.5,84.58333333333333,17.0,18,1,6.133333333333333,12.8,93.75,72
2022,18,Japanese Grand Prix,2022-10-09,suzuka,Suzuka Circuit,17.895833333333332,15.1,22.4,77.79166666666667,18.1,11,1,12.897916666666665,23.5,93.08333333333333,18.375,16.1,22.4,70.45833333333333,0.0,0,0,17.9375,23.5,86.375,17.416666666666668,15.1,19.9,85.125,18.1,11,1,7.858333333333334,19.9,99.79166666666667,72
2022,19,United States Grand Prix,2022-10-23,americas,Circuit of the Americas,24.04583333333333,17.8,30.3,64.83333333333333,0.6,1,1,26.102083333333336,34.4,54.875,23.379166666666663,17.8,30.0,63.916666666666664,0.0,0,0,25.766666666666666,31.6,32.541666666666664,24.712500000000002,20.4,30.3,65.75,0.6,1,1,26.4375,34.4,77.20833333333333,72
2022,20,Mexico City Grand Prix,2022-10-30,rodriguez,Autódromo Hermanos Rodríguez,17.897916666666667,11.1,24.5,62.104166666666664,1.7,3,1,7.889583333333334,19.4,49.625,18.083333333333332,13.3,23.9,64.95833333333333,1.1,2,1,8.566666666666668,14.1,60.083333333333336,17.7125,11.1,24.5,59.25,0.6,1,1,7.212500000000001,19.4,39.166666666666664,72
2022,21,São Paulo Grand Prix,2022-11-13,interlagos,Autódromo José Carlos Pace,19.62708333333333,15.1,28.1,88.10416666666667,2.4000000000000004,8,1,11.585416666666667,24.2,69.16666666666667,19.3625,17.2,23.5,88.0,2.0,7,1,13.116666666666667,21.7,76.41666666666667,19.891666666666666,15.1,28.1,88.20833333333333,0.4,1,1,10.054166666666667,24.2,61.916666666666664,72
2022,22,Abu Dhabi Grand Prix,2022-11-20,yas_marina,Yas Marina Circuit,26.977083333333336,20.8,30.5,68.3125,0.0,0,0,16.16875,27.3,14.666666666666666,26.254166666666666,20.8,30.5,73.91666666666667,0.0,0,0,11.720833333333331,21.1,14.208333333333334,27.7,25.6,30.4,62.708333333333336,0.0,0,0,20.616666666666664,27.3,15.125,72
2023,1,Bahrain Grand Prix,2023-03-05,bahrain,Bahrain International Circuit,23.464583333333337,15.3,32.2,43.333333333333336,0.0,0,0,8.512500000000001,17.3,0.125,22.1875,15.3,29.9,49.791666666666664,0.0,0,0,7.529166666666666,16.7,0.0,24.741666666666664,17.4,32.2,36.875,0.0,0,0,9.495833333333334,17.3,0.25,72
2023,2,Saudi Arabian Grand Prix,2023-03-19,jeddah,Jeddah Corniche Circuit,25.7625,19.1,31.4,46.833333333333336,0.0,0,0,15.341666666666663,28.2,60.541666666666664,26.28333333333333,21.9,31.1,49.833333333333336,0.0,0,0,14.979166666666666,27.2,83.29166666666667,25.241666666666664,19.1,31.4,43.833333333333336,0.0,0,0,15.704166666666666,28.2,37.791666666666664,72
2023,3,Australian Grand Prix,2023-04-02,albert_park,Albert Park Grand Prix Circuit,12.866666666666665,6.6,17.8,72.8125,1.0,6,1,11.893749999999997,22.3,53.6875,13.283333333333331,11.6,15.6,69.33333333333333,1.0,6,1,14.637500000000001,22.3,92.5,12.449999999999998,6.6,17.8,76.29166666666667,0.0,0,0,9.15,17.9,14.875,72
2023,4,Azerbaijan Grand Prix,2023-04-30,baku,Baku City Circuit,20.022916666666667,13.7,26.3,69.02083333333333,0.2,2,1,9.468749999999998,25.0,61.979166666666664,19.920833333333334,13.7,25.4,68.95833333333333,0.0,0,0,7.070833333333333,11.0,38.25,20.125,16.1,26.3,69.08333333333333,0.2,2,1,11.866666666666667,25.0,85.70833333333333,72
2023,5,Miami Grand Prix,2023-05-07,miami,Miami International Autodrome,24.270833333333332,20.0,29.5,74.27083333333333,4.300000000000001,16,1,14.881250000000001,25.6,30.0,24.479166666666668,20.0,29.5,74.83333333333333,2.4000000000000004,5,1,11.799999999999999,20.2,32.5,24.0625,21.3,26.9,73.70833333333333,1.9,11,1,17.962500000000002,25.6,27.5,72
2023,6,Monaco Grand Prix,2023-05-28,monaco,Circuit de Monaco,21.772916666666664,18.0,26.0,66.625,6.9,9,1,5.639583333333333,11.7,53.395833333333336,22.162500000000005,18.0,26.0,61.416666666666664,0.0,0,0,5.529166666666666,11.7,17.916666666666668,21.383333333333336,18.0,24.4,71.83333333333333,6.9,9,1,5.75,11.4,88.875,72
2023,7,Spanish Grand Prix,2023-06-04,catalunya,Circuit de Barcelona-Catalunya,18.3,14.6,22.6,82.39583333333333,20.2,19,1,7.383333333333333,16.0,49.604166666666664,17.904166666666665,15.4,21.8,83.66666666666667,9.4,11,1,8.1,16.0,49.916666666666664,18.695833333333333,14.6,22.6,81.125,10.799999999999999,8,1,6.666666666666667,12.0,49.291666666666664,72
2023,8,Canadian Grand Prix,2023-06-18,villeneuve,Circuit Gilles Villeneuve,15.660416666666668,12.6,19.6,84.97916666666667,14.9,27,1,15.399999999999999,22.4,93.625,15.708333333333334,13.9,16.9,92.70833333333333,14.6,24,1,15.4625,22.4,100.0,15.612500000000002,12.6,19.6,77.25,0.30000000000000004,3,1,15.337499999999999,22.1,87.25,72
2023,9,Austrian Grand Prix,2023-07-02,red_bull_ring,Red Bull Ring,17.483333333333334,11.5,24.0,80.3125,7.9,20,1,3.9666666666666663,11.6,72.5625,17.05,15.3,19.5,87.66666666666667,7.6000000000000005,17,1,2.9249999999999994,6.5,91.45833333333333,17.916666666666668,11.5,24.0,72.95833333333333,0.30000000000000004,3,1,5.008333333333334,11.6,53.666666666666664,72
2023,10,British Grand Prix,2023-07-09,silverstone,Silverstone Circuit,19.181250000000002,14.0,24.0,73.9375,11.0,9,1,13.308333333333332,22.7,71.14583333333333,20.466666666666665,17.6,24.0,72.45833333333333,10.7,7,1,14.112500000000002,19.5,60.666666666666664,17.895833333333332,14.0,22.0,75.41666666666667,0.30000000000000004,2,1,12.504166666666668,22.7,81.625,72
2023,11,Hungarian Grand Prix,2023-07-23,hungaroring,Hungaroring,22.3,16.0,29.0,62.104166666666664,0.1,1,1,9.6,19.6,43.333333333333336,21.558333333333334,16.1,26.3,66.58333333333333,0.1,1,1,10.529166666666667,19.6,64.08333333333333,23.041666666666668,16.0,29.0,57.625,0.0,0,0,8.670833333333334,16.4,22.583333333333332,72
2023,12,Belgian Grand Prix,2023-07-30,spa,Circuit de Spa-Francorchamps,16.27916666666667,13.2,20.4,84.22916666666667,24.0,30,1,16.554166666666664,29.1,86.20833333333333,17.170833333333334,15.1,20.4,88.70833333333333,21.5,19,1,13.166666666666666,22.6,90.125,15.387500000000001,13.2,17.8,79.75,2.5,11,1,19.941666666666666,29.1,82.29166666666667,72
2023,13,Dutch Grand Prix,2023-08-27,zandvoort,Circuit Park Zandvoort,16.329166666666666,14.5,17.9,79.9375,6.8,25,1,23.614583333333332,37.7,58.6875,16.67083333333333,15.3,17.9,80.25,3.4,13,1,23.508333333333336,37.7,53.25,15.987500000000002,14.5,17.4,79.625,3.3999999999999995,12,1,23.72083333333333,29.7,64.125,72
2023,14,Italian Grand Prix,2023-09-03,monza,Autodromo Nazionale di Monza,21.870833333333334,15.6,27.9,75.16666666666667,0.0,0,0,5.55,10.7,55.4375,21.312499999999996,15.6,26.5,73.5,0.0,0,0,4.941666666666666,8.2,29.666666666666668,22.42916666666667,17.0,27.9,76.83333333333333,0.0,0,0,6.158333333333334,10.7,81.20833333333333,72
2023,15,Singapore Grand Prix,2023-09-17,marina_bay,Marina Bay Street Circuit,29.006249999999998,26.5,32.1,72.47916666666667,2.8000000000000003,10,1,12.956249999999997,19.6,73.0625,29.420833333333334,27.2,32.1,70.66666666666667,0.1,1,1,15.612499999999999,19.6,71.54166666666667,28.59166666666667,26.5,30.7,74.29166666666667,2.7,9,1,10.3,15.4,74.58333333333333,72
2023,16,Japanese Grand Prix,2023-09-24,suzuka,Suzuka Circuit,23.243749999999995,19.0,28.2,68.29166666666667,0.0,0,0,10.837499999999999,23.0,69.04166666666667,23.462500000000002,20.3,28.2,68.95833333333333,0.0,0,0,13.604166666666666,23.0,88.29166666666667,23.025000000000002,19.0,26.7,67.625,0.0,0,0,8.070833333333333,21.4,49.791666666666664,72
2023,17,Qatar Grand Prix,2023-10-08,losail,Losail International Circuit,33.270833333333336,27.1,40.6,55.645833333333336,0.0,0,0,18.645833333333336,37.1,0.0,33.737500000000004,30.4,39.1,48.916666666666664,0.0,0,0,28.600000000000005,37.1,0.0,32.80416666666667,27.1,40.6,62.375,0.0,0,0,8.691666666666668,26.0,0.0,72
2023,18,United States Grand Prix,2023-10-22,americas,Circuit of the Americas,25.245833333333337,15.5,32.7,53.666666666666664,0.2,2,1,11.550000000000002,21.8,77.75,25.004166666666666,15.5,32.7,38.916666666666664,0.0,0,0,8.049999999999999,18.5,79.58333333333333,25.4875,20.9,31.3,68.41666666666667,0.2,2,1,15.049999999999999,21.8,75.91666666666667,72
2023,19,Mexico City Grand Prix,2023-10-29,rodriguez,Autódromo Hermanos Rodríguez,17.714583333333334,12.7,25.4,66.6875,0.0,0,0,8.768749999999999,21.8,47.166666666666664,17.8125,12.9,24.5,68.16666666666667,0.0,0,0,9.325000000000001,21.8,62.0,17.616666666666667,12.7,25.4,65.20833333333333,0.0,0,0,8.2125,19.1,32.333333333333336,72
2023,20,São Paulo Grand Prix,2023-11-05,interlagos,Autódromo José Carlos Pace,19.252083333333335,14.4,25.9,76.97916666666667,1.1,8,1,15.237499999999999,25.3,61.541666666666664,21.220833333333335,17.0,25.9,73.29166666666667,0.8,5,1,15.295833333333334,25.3,66.91666666666667,17.283333333333335,14.4,21.1,80.66666666666667,0.30000000000000004,3,1,15.179166666666667,21.2,56.166666666666664,72
2023,21,Las Vegas Grand Prix,2023-11-19,vegas,Las Vegas Strip Street Circuit,14.331249999999999,9.5,21.2,53.854166666666664,0.0,0,0,19.516666666666666,58.1,6.145833333333333,14.891666666666667,10.9,21.2,62.916666666666664,0.0,0,0,7.891666666666667,22.2,4.541666666666667,13.770833333333334,9.5,17.7,44.791666666666664,0.0,0,0,31.14166666666667,58.1,7.75,72
2023,22,Abu Dhabi Grand Prix,2023-11-26,yas_marina,Yas Marina Circuit,24.914583333333336,20.8,29.1,63.958333333333336,0.7,3,1,10.331249999999999,22.7,18.75,24.983333333333338,21.7,28.1,68.91666666666667,0.7,3,1,11.358333333333334,22.7,22.0,24.84583333333333,20.8,29.1,59.0,0.0,0,0,9.304166666666665,21.2,15.5,72
2024,1,Bahrain Grand Prix,2024-03-02,bahrain,Bahrain International Circuit,16.672916666666666,12.7,21.2,49.125,0.0,0,0,17.722916666666666,31.1,44.375,16.604166666666668,13.5,20.3,44.666666666666664,0.0,0,0,24.208333333333332,31.1,1.2916666666666667,16.741666666666664,12.7,21.2,53.583333333333336,0.0,0,0,11.237499999999999,14.8,87.45833333333333,72
2024,2,Saudi Arabian Grand Prix,2024-03-09,jeddah,Jeddah Corniche Circuit,23.600000000000005,18.0,30.1,62.479166666666664,0.0,0,0,18.127083333333335,30.9,0.4375,23.370833333333334,18.5,28.8,66.875,0.0,0,0,18.491666666666664,30.9,0.875,23.829166666666666,18.0,30.1,58.083333333333336,0.0,0,0,17.7625,28.5,0.0,72
2024,3,Australian Grand Prix,2024-03-24,albert_park,Albert Park Grand Prix Circuit,15.762500000000001,10.7,21.4,67.375,0.5,3,1,12.991666666666665,24.3,47.395833333333336,15.637500000000001,13.0,19.4,68.79166666666667,0.5,3,1,12.762499999999998,24.3,54.25,15.887499999999998,10.7,21.4,65.95833333333333,0.0,0,0,13.220833333333331,20.4,40.541666666666664,72
2024,4,Japanese Grand Prix,2024-04-07,suzuka,Suzuka Circuit,14.96875,10.1,21.3,80.75,0.0,0,0,4.9875,12.3,93.16666666666667,14.166666666666666,10.1,17.9,83.20833333333333,0.0,0,0,5.337500000000001,12.2,97.54166666666667,15.770833333333334,10.9,21.3,78.29166666666667,0.0,0,0,4.6375,12.3,88.79166666666667,72
2024,5,Chinese Grand Prix,2024-04-21,shanghai,Shanghai International Circuit,17.23125,13.1,21.0,81.0,5.1,11,1,11.539583333333335,22.7,97.27083333333333,18.291666666666668,14.2,21.0,79.75,0.5,3,1,16.0,22.7,94.54166666666667,16.170833333333334,13.1,20.3,82.25,4.6,8,1,7.079166666666667,11.3,100.0,72
2024,6,Miami Grand Prix,2024-05-05,miami,Miami International Autodrome,25.041666666666668,20.8,28.8,72.54166666666667,1.2000000000000002,8,1,12.839583333333332,21.1,25.020833333333332,24.80416666666667,20.8,28.5,74.375,0.9000000000000001,5,1,12.466666666666667,18.5,28.5,25.27916666666667,22.1,28.8,70.70833333333333,0.30000000000000004,3,1,13.2125,21.1,21.541666666666668,72
2024,7,Emilia Romagna Grand Prix,2024-05-19,imola,Autodromo Enzo e Dino Ferrari,18.20625,12.2,23.7,73.41666666666667,0.2,2,1,7.064583333333334,14.1,40.354166666666664,18.075,12.2,23.6,68.25,0.0,0,0,8.179166666666667,14.1,12.583333333333334,18.337500000000002,12.3,23.7,78.58333333333333,0.2,2,1,5.95,10.4,68.125,72
2024,8,Monaco Grand Prix,2024-05-26,monaco,Circuit de Monaco,17.39375,12.8,20.8,80.83333333333333,0.0,0,0,5.295833333333333,11.5,45.75,16.870833333333334,12.8,19.8,80.29166666666667,0.0,0,0,5.966666666666666,11.5,34.875,17.916666666666668,14.4,20.8,81.375,0.0,0,0,4.625,8.5,56.625,72
2024,9,Canadian Grand Prix,2024-06-09,villeneuve,Circuit Gilles Villeneuve,16.804166666666664,14.5,21.2,77.29166666666667,8.0,22,1,18.595833333333335,25.6,84.8125,17.375,14.5,21.2,78.66666666666667,3.6,11,1,18.84583333333333,25.4,87.29166666666667,16.233333333333334,14.5,19.3,75.91666666666667,4.4,11,1,18.345833333333335,25.6,82.33333333333333,72
2024,10,Spanish Grand Prix,2024-06-23,catalunya,Circuit de Barcelona-Catalunya,19.779166666666665,16.0,25.9,79.66666666666667,6.200000000000001,17,1,7.745833333333334,18.3,70.66666666666667,19.8625,16.0,25.9,80.04166666666667,3.4000000000000004,6,1,7.591666666666666,18.3,51.041666666666664,19.695833333333336,18.0,22.1,79.29166666666667,2.8,11,1,7.8999999999999995,17.5,90.29166666666667,72
2024,11,Austrian Grand Prix,2024-06-30,red_bull_ring,Red Bull Ring,22.66875,14.6,30.3,70.79166666666667,0.3,1,1,5.683333333333334,13.8,52.604166666666664,22.604166666666668,14.6,30.3,72.41666666666667,0.3,1,1,4.495833333333333,10.6,48.833333333333336,22.73333333333333,16.7,29.0,69.16666666666667,0.0,0,0,6.870833333333333,13.8,56.375,72
2024,12,British Grand Prix,2024-07-07,silverstone,Silverstone Circuit,12.768749999999999,9.2,16.3,77.47916666666667,17.4,23,1,16.595833333333335,27.4,61.3125,12.6875,10.6,15.1,77.91666666666667,15.4,15,1,17.45,27.4,73.33333333333333,12.85,9.2,16.3,77.04166666666667,2.0,8,1,15.741666666666667,20.9,49.291666666666664,72
2024,13,Hungarian Grand Prix,2024-07-21,hungaroring,Hungaroring,23.647916666666664,19.3,28.5,68.64583333333333,3.1000000000000005,6,1,6.837500000000001,13.8,66.85416666666667,23.191666666666666,19.3,28.4,66.25,2.9000000000000004,4,1,7.900000000000001,13.8,95.0,24.104166666666668,19.8,28.5,71.04166666666667,0.2,2,1,5.7749999999999995,10.9,38.708333333333336,72
2024,14,Belgian Grand Prix,2024-07-28,spa,Circuit de Spa-Francorchamps,16.6125,12.0,19.8,86.66666666666667,13.2,17,1,8.595833333333333,14.7,73.70833333333333,17.279166666666665,15.2,19.8,92.66666666666667,13.2,17,1,7.412499999999999,14.7,97.75,15.945833333333335,12.0,19.8,80.66666666666667,0.0,0,0,9.779166666666667,13.9,49.666666666666664,72
2024,15,Dutch Grand Prix,2024-08-25,zandvoort,Circuit Park Zandvoort,18.108333333333334,15.3,22.9,74.35416666666667,15.4,20,1,28.079166666666666,38.7,52.583333333333336,18.891666666666666,16.6,22.9,80.875,9.9,11,1,24.233333333333334,38.7,77.66666666666667,17.325,15.3,18.3,67.83333333333333,5.5,9,1,31.925,36.4,27.5,72
2024,16,Italian Grand Prix,2024-09-01,monza,Autodromo Nazionale di Monza,26.095833333333335,20.6,32.0,63.458333333333336,19.099999999999998,4,1,6.8812500000000005,21.4,72.75,26.991666666666664,22.0,32.0,58.791666666666664,0.0,0,0,6.129166666666667,8.3,78.04166666666667,25.2,20.6,30.8,68.125,19.099999999999998,4,1,7.633333333333333,21.4,67.45833333333333,72
2024,17,Azerbaijan Grand Prix,2024-09-15,baku,Baku City Circuit,23.695833333333336,19.5,29.0,47.541666666666664,0.0,0,0,16.137500000000003,25.9,18.479166666666668,24.258333333333336,21.0,29.0,51.5,0.0,0,0,14.608333333333334,20.1,12.916666666666666,23.133333333333336,19.5,26.7,43.583333333333336,0.0,0,0,17.666666666666668,25.9,24.041666666666668,72
2024,18,Singapore Grand Prix,2024-09-22,marina_bay,Marina Bay Street Circuit,28.3,25.1,32.2,79.3125,5.5,4,1,8.383333333333333,14.0,94.97916666666667,27.6375,25.3,29.2,83.16666666666667,5.5,4,1,9.025,13.3,99.875,28.962499999999995,25.1,32.2,75.45833333333333,0.0,0,0,7.741666666666667,14.0,90.08333333333333,72
2024,19,United States Grand Prix,2024-10-20,americas,Circuit of the Americas,22.95625,16.3,29.8,55.75,0.0,0,0,11.137499999999998,17.1,3.8958333333333335,23.00833333333333,17.4,29.8,56.708333333333336,0.0,0,0,12.654166666666667,17.1,7.708333333333333,22.90416666666667,16.3,29.4,54.791666666666664,0.0,0,0,9.620833333333334,13.1,0.08333333333333333,72
2024,20,Mexico City Grand Prix,2024-10-27,rodriguez,Autódromo Hermanos Rodríguez,15.397916666666669,11.1,21.5,70.97916666666667,2.1999999999999997,10,1,9.583333333333334,20.1,71.02083333333333,15.129166666666668,11.1,21.5,70.375,0.30000000000000004,3,1,9.545833333333334,20.1,67.91666666666667,15.666666666666666,12.4,21.0,71.58333333333333,1.9,7,1,9.620833333333332,15.2,74.125,72
2024,21,São Paulo Grand Prix,2024-11-03,interlagos,Autódromo José Carlos Pace,20.537499999999998,17.4,27.4,89.22916666666667,24.5,30,1,9.620833333333332,20.7,99.9375,20.991666666666667,17.4,27.4,85.625,6.6,7,1,8.9,20.7,99.875,20.083333333333332,19.1,21.9,92.83333333333333,17.9,23,1,10.341666666666667,15.2,100.0,72
2024,22,Las Vegas Grand Prix,2024-11-23,vegas,Las Vegas Strip Street Circuit,12.439583333333331,3.3,23.5,24.770833333333332,0.0,0,0,7.158333333333334,20.1,27.604166666666668,10.329166666666667,3.3,17.5,18.458333333333332,0.0,0,0,2.966666666666667,6.6,14.791666666666666,14.549999999999999,3.5,23.5,31.083333333333332,0.0,0,0,11.35,20.1,40.416666666666664,72
2024,23,Qatar Grand Prix,2024-12-01,losail,Losail International Circuit,19.991666666666664,16.9,23.7,60.479166666666664,0.0,0,0,21.389583333333334,29.2,6.645833333333333,20.15833333333333,16.9,23.7,60.75,0.0,0,0,21.870833333333337,29.2,9.875,19.825,17.2,23.2,60.208333333333336,0.0,0,0,20.90833333333333,28.6,3.4166666666666665,72
2024,24,Abu Dhabi Grand Prix,2024-12-08,yas_marina,Yas Marina Circuit,24.354166666666668,19.2,30.1,64.70833333333333,0.0,0,0,11.389583333333334,21.0,0.3333333333333333,24.7625,22.1,28.1,70.375,0.0,0,0,13.133333333333333,21.0,0.6666666666666666,23.945833333333336,19.2,30.1,59.041666666666664,0.0,0,0,9.645833333333334,16.3,0.0,72
2025,1,Australian Grand Prix,2025-03-16,albert_park,Albert Park Grand Prix Circuit,22.825,12.4,36.8,59.583333333333336,17.7,17,1,10.754166666666665,29.4,79.60416666666667,27.104166666666668,16.8,36.8,47.708333333333336,0.0,0,0,5.8500000000000005,22.2,83.0,18.545833333333334,12.4,25.0,71.45833333333333,17.7,17,1,15.658333333333331,29.4,76.20833333333333,72
2025,2,Chinese Grand Prix,2025-03-23,shanghai,Shanghai International Circuit,19.20625,10.7,27.8,38.9375,2.6,4,1,12.25625,20.6,17.979166666666668,18.604166666666668,10.7,26.0,35.208333333333336,0.0,0,0,11.766666666666666,17.9,1.0,19.808333333333334,12.5,27.8,42.666666666666664,2.6,4,1,12.745833333333332,20.6,34.958333333333336,72
2025,3,Japanese Grand Prix,2025-04-06,suzuka,Suzuka Circuit,11.225,2.4,15.9,73.66666666666667,16.9,10,1,8.302083333333334,18.7,73.22916666666667,10.329166666666667,2.4,15.2,64.58333333333333,0.0,0,0,9.200000000000001,18.7,79.875,12.120833333333332,9.0,15.9,82.75,16.9,10,1,7.404166666666668,15.4,66.58333333333333,72
2025,4,Bahrain Grand Prix,2025-04-13,bahrain,Bahrain International Circuit,27.535416666666666,23.8,37.5,52.916666666666664,0.0,0,0,14.49375,23.5,4.416666666666667,28.745833333333334,23.8,37.5,51.041666666666664,0.0,0,0,10.6625,19.1,3.4166666666666665,26.325,23.8,30.3,54.791666666666664,0.0,0,0,18.325,23.5,5.416666666666667,72
2025,5,Saudi Arabian Grand Prix,2025-04-20,jeddah,Jeddah Corniche Circuit,30.845833333333335,26.2,37.0,43.375,0.0,0,0,5.635416666666667,12.8,0.9791666666666666,30.308333333333337,26.2,34.8,45.291666666666664,0.0,0,0,4.8,12.3,0.25,31.383333333333336,26.8,37.0,41.458333333333336,0.0,0,0,6.470833333333334,12.8,1.7083333333333333,72
2025,6,Miami Grand Prix,2025-05-04,miami,Miami International Autodrome,25.402083333333337,21.8,29.6,69.91666666666667,5.4,15,1,7.522916666666667,13.6,65.29166666666667,25.59166666666667,21.8,29.6,64.95833333333333,3.4,9,1,8.908333333333333,13.6,56.166666666666664,25.212500000000006,22.9,29.1,74.875,2.0,6,1,6.1375,11.8,74.41666666666667,72
2025,7,Emilia Romagna Grand Prix,2025-05-18,imola,Autodromo Enzo e Dino Ferrari,16.504166666666666,9.4,21.8,55.770833333333336,1.4000000000000001,4,1,14.112499999999999,24.8,20.083333333333332,15.299999999999999,9.4,20.5,56.291666666666664,0.4,3,1,9.604166666666666,19.1,29.333333333333332,17.708333333333332,12.9,21.8,55.25,1.0,1,1,18.620833333333334,24.8,10.833333333333334,72
2025,8,Monaco Grand Prix,2025-05-25,monaco,Circuit de Monaco,18.0625,13.5,22.0,64.89583333333333,0.30000000000000004,2,1,7.087500000000001,14.3,36.729166666666664,17.833333333333332,14.2,20.8,62.875,0.30000000000000004,2,1,7.616666666666667,14.3,35.333333333333336,18.291666666666668,13.5,22.0,66.91666666666667,0.0,0,0,6.5583333333333345,11.8,38.125,72
2025,9,Spanish Grand Prix,2025-06-01,catalunya,Circuit de Barcelona-Catalunya,22.999999999999996,16.0,29.8,63.666666666666664,0.0,0,0,4.7250000000000005,9.6,40.25,22.516666666666662,16.2,28.5,63.166666666666664,0.0,0,0,4.5249999999999995,9.6,31.875,23.483333333333334,16.0,29.8,64.16666666666667,0.0,0,0,4.925,9.6,48.625,72
2025,10,Canadian Grand Prix,2025-06-15,villeneuve,Circuit Gilles Villeneuve,18.239583333333332,10.6,25.8,47.020833333333336,0.0,0,0,5.8875,14.5,19.791666666666668,17.1375,10.6,22.7,48.875,0.0,0,0,7.383333333333333,14.5,28.083333333333332,19.34166666666667,11.0,25.8,45.166666666666664,0.0,0,0,4.391666666666667,9.3,11.5,72
2025,11,Austrian Grand Prix,2025-06-29,red_bull_ring,Red Bull Ring,22.993750000000006,14.9,31.9,63.270833333333336,0.0,0,0,5.245833333333333,13.0,35.5,22.02916666666667,16.7,28.0,66.45833333333333,0.0,0,0,5.920833333333333,13.0,43.583333333333336,23.958333333333332,14.9,31.9,60.083333333333336,0.0,0,0,4.570833333333334,12.2,27.416666666666668,72
2025,12,British Grand Prix,2025-07-06,silverstone,Silverstone Circuit,17.727083333333333,14.0,21.9,74.22916666666667,12.799999999999999,14,1,19.010416666666668,28.4,91.625,18.45,15.6,21.9,71.45833333333333,0.7,5,1,22.745833333333334,28.4,96.66666666666667,17.004166666666666,14.0,19.4,77.0,12.1,9,1,15.274999999999999,22.8,86.58333333333333,72
2025,13,Belgian Grand Prix,2025-07-27,spa,Circuit de Spa-Francorchamps,16.775000000000002,13.2,22.3,85.39583333333333,10.5,21,1,7.858333333333333,15.7,86.97916666666667,18.125,14.5,22.3,79.41666666666667,0.2,2,1,7.133333333333333,12.9,79.58333333333333,15.425000000000002,13.2,19.1,91.375,10.299999999999999,19,1,8.583333333333334,15.7,94.375,72
2025,14,Hungarian Grand Prix,2025-08-03,hungaroring,Hungaroring,21.59166666666667,16.9,30.0,64.04166666666667,6.2,9,1,7.9750000000000005,20.5,79.875,22.416666666666668,17.3,30.0,60.791666666666664,3.1,3,1,5.979166666666667,11.4,62.833333333333336,20.766666666666666,16.9,25.9,67.29166666666667,3.1,6,1,9.970833333333333,20.5,96.91666666666667,72
2025,15,Dutch Grand Prix,2025-08-31,zandvoort,Circuit Park Zandvoort,18.335416666666664,15.4,20.4,79.16666666666667,6.4,17,1,18.960416666666667,25.6,74.58333333333333,17.854166666666668,15.4,19.7,78.66666666666667,3.0,10,1,20.645833333333332,25.1,58.083333333333336,18.816666666666666,17.7,20.4,79.66666666666667,3.4000000000000004,7,1,17.275000000000002,25.6,91.08333333333333,72
2025,16,Italian Grand Prix,2025-09-07,monza,Autodromo Nazionale di Monza,20.172916666666666,14.4,25.4,71.1875,0.0,0,0,3.7458333333333336,6.3,53.833333333333336,19.945833333333336,14.4,25.2,68.58333333333333,0.0,0,0,3.8666666666666667,6.3,25.5,20.400000000000002,15.1,25.4,73.79166666666667,0.0,0,0,3.625,6.0,82.16666666666667,72
2025,17,Azerbaijan Grand Prix,2025-09-21,baku,Baku City Circuit,17.64375,15.9,19.5,72.58333333333333,3.3000000000000003,9,1,24.7,31.7,85.64583333333333,18.095833333333335,16.8,19.5,73.58333333333333,1.1,5,1,27.054166666666664,31.7,75.04166666666667,17.191666666666666,15.9,19.2,71.58333333333333,2.2,4,1,22.34583333333333,26.0,96.25,72
2025,18,Singapore Grand Prix,2025-10-05,marina_bay,Marina Bay Street Circuit,27.787499999999998,24.9,31.0,78.64583333333333,2.1,6,1,7.491666666666667,16.4,83.75,27.787499999999998,25.0,31.0,77.75,0.30000000000000004,3,1,8.966666666666667,13.1,81.70833333333333,27.787500000000005,24.9,30.5,79.54166666666667,1.8,3,1,6.016666666666666,16.4,85.79166666666667,72
2025,19,United States Grand Prix,2025-10-19,americas,Circuit of the Americas,26.06458333333333,19.7,34.7,50.125,0.0,0,0,14.470833333333333,25.7,23.791666666666668,28.183333333333337,23.2,34.7,62.791666666666664,0.0,0,0,13.483333333333333,17.9,47.583333333333336,23.945833333333336,19.7,29.5,37.458333333333336,0.0,0,0,15.458333333333334,25.7,0.0,72
2025,20,Mexico City Grand Prix,2025-10-26,rodriguez,Autódromo Hermanos Rodríguez,19.979166666666668,11.7,27.5,46.666666666666664,0.0,0,0,4.760416666666667,12.9,11.479166666666666,19.7375,11.7,26.7,47.625,0.0,0,0,4.429166666666667,11.1,6.25,20.220833333333335,12.6,27.5,45.708333333333336,0.0,0,0,5.091666666666666,12.9,16.708333333333332,72
2025,21,São Paulo Grand Prix,2025-11-09,interlagos,Autódromo José Carlos Pace,18.4125,13.7,25.2,82.10416666666667,5.800000000000001,27,1,16.98125,34.4,92.22916666666667,20.833333333333332,15.6,25.2,81.04166666666667,3.9,13,1,19.8625,34.4,93.04166666666667,15.991666666666667,13.7,19.5,83.16666666666667,1.9000000000000001,14,1,14.100000000000001,17.8,91.41666666666667,72
2025,22,Las Vegas Grand Prix,2025-11-23,vegas,Las Vegas Strip Street Circuit,12.714583333333332,9.0,18.7,69.02083333333333,0.1,1,1,4.5625,11.1,50.25,12.729166666666666,9.3,18.2,72.29166666666667,0.1,1,1,5.495833333333334,11.1,86.20833333333333,12.700000000000001,9.0,18.7,65.75,0.0,0,0,3.6291666666666664,8.1,14.291666666666666,72
2025,23,Qatar Grand Prix,2025-11-30,losail,Losail International Circuit,21.774999999999995,16.2,28.0,69.6875,0.0,0,0,10.345833333333333,19.2,4.1875,22.054166666666664,17.9,28.0,71.16666666666667,0.0,0,0,11.200000000000003,19.2,2.8333333333333335,21.495833333333337,16.2,27.0,68.20833333333333,0.0,0,0,9.491666666666667,12.5,5.541666666666667,72
2025,24,Abu Dhabi Grand Prix,2025-12-07,yas_marina,Yas Marina Circuit,23.137500000000003,16.8,29.9,66.85416666666667,0.0,0,0,7.814583333333334,17.0,19.666666666666668,22.52916666666667,16.8,28.2,65.83333333333333,0.0,0,0,5.654166666666666,13.9,27.041666666666668,23.745833333333337,19.2,29.9,67.875,0.0,0,0,9.975,17.0,12.291666666666666,72
2026,1,Australian Grand Prix,2026-03-08,albert_park,Albert Park Grand Prix Circuit,18.77916666666667,14.7,24.8,70.35416666666667,0.30000000000000004,3,1,14.522916666666665,21.3,46.416666666666664,18.47083333333333,16.4,20.8,73.29166666666667,0.30000000000000004,3,1,14.029166666666667,21.3,69.625,19.0875,14.7,24.8,67.41666666666667,0.0,0,0,15.016666666666666,19.7,23.208333333333332,72
2026,2,Chinese Grand Prix,2026-03-15,shanghai,Shanghai International Circuit,11.914583333333333,6.3,18.3,68.35416666666667,0.8,3,1,11.114583333333334,16.1,37.625,11.65,6.3,17.9,65.04166666666667,0.0,0,0,12.983333333333334,16.1,1.5416666666666667,12.179166666666667,8.1,18.3,71.66666666666667,0.8,3,1,9.245833333333334,13.4,73.70833333333333,72
2026,3,Japanese Grand Prix,2026-03-29,suzuka,Suzuka Circuit,12.543750000000001,5.3,18.9,72.72916666666667,0.0,0,0,4.53125,10.4,42.4375,11.4,5.3,16.9,70.58333333333333,0.0,0,0,4.504166666666666,10.4,31.708333333333332,13.6875,7.0,18.9,74.875,0.0,0,0,4.558333333333334,10.1,53.166666666666664,72
2026,4,Miami Grand Prix,2026-05-03,miami,Miami International Autodrome,26.53125,21.6,34.6,74.125,16.1,19,1,9.002083333333333,19.6,78.35416666666667,28.708333333333332,23.5,34.6,62.916666666666664,0.7000000000000001,3,1,11.549999999999999,19.6,73.79166666666667,24.354166666666668,21.6,27.5,85.33333333333333,15.4,16,1,6.454166666666667,10.3,82.91666666666667,72
2026,5,Canadian Grand Prix,2026-05-24,villeneuve,Circuit Gilles Villeneuve,14.577083333333334,9.3,21.4,57.791666666666664,4.8,10,1,11.685416666666667,20.8,97.25,16.2375,9.3,21.4,44.041666666666664,0.0,0,0,7.5874999999999995,10.5,94.5,12.916666666666666,10.8,15.8,71.54166666666667,4.8,10,1,15.783333333333331,20.8,100.0,72
2026,6,Monaco Grand Prix,2026-06-07,monaco,Circuit de Monaco,20.17291666666667,16.1,23.6,71.9375,0.1,1,1,5.904166666666666,11.7,34.770833333333336,20.02916666666667,16.3,23.6,70.54166666666667,0.1,1,1,5.554166666666667,11.5,49.541666666666664,20.316666666666666,16.1,23.5,73.33333333333333,0.0,0,0,6.254166666666666,11.7,20.0,72
2026,7,Barcelona Grand Prix,2026-06-14,catalunya,Circuit de Barcelona-Catalunya,26.045833333333334,17.1,33.2,39.125,0.0,0,0,7.293749999999999,14.3,34.916666666666664,26.100000000000005,17.1,33.2,40.583333333333336,0.0,0,0,7.270833333333333,14.3,33.666666666666664,25.991666666666664,18.9,31.5,37.666666666666664,0.0,0,0,7.316666666666666,14.2,36.166666666666664,72
2026,8,Austrian Grand Prix,2026-06-28,red_bull_ring,Red Bull Ring,25.777083333333337,17.3,34.2,55.916666666666664,0.2,2,1,3.8645833333333335,11.6,14.0,25.462500000000002,17.3,33.3,54.916666666666664,0.0,0,0,4.229166666666667,11.6,8.25,26.09166666666667,17.7,34.2,56.916666666666664,0.2,2,1,3.5,9.9,19.75,72
2026,9,British Grand Prix,2026-07-05,silverstone,Silverstone Circuit,20.029166666666665,13.5,25.9,67.27083333333333,0.0,0,0,16.29375,26.2,68.375,19.675,13.5,25.9,66.375,0.0,0,0,18.7125,26.2,46.791666666666664,20.383333333333333,15.2,25.3,68.16666666666667,0.0,0,0,13.875,16.6,89.95833333333333,72
2026,10,Belgian Grand Prix,2026-07-19,spa,Circuit de Spa-Francorchamps,15.860416666666666,10.5,20.7,71.97916666666667,0.9000000000000001,7,1,12.550000000000002,18.3,61.020833333333336,16.96666666666667,13.2,20.7,75.33333333333333,0.1,1,1,11.795833333333334,18.3,72.45833333333333,14.754166666666668,10.5,18.4,68.625,0.8,6,1,13.304166666666667,16.1,49.583333333333336,72
2026,11,Hungarian Grand Prix,2026-07-26,hungaroring,Hungaroring,22.87708333333333,12.2,31.9,38.395833333333336,0.0,0,0,10.0,21.7,31.479166666666668,20.7,12.2,27.1,42.208333333333336,0.0,0,0,6.875,14.5,28.583333333333332,25.054166666666664,16.9,31.9,34.583333333333336,0.0,0,0,13.125,21.7,34.375,72
2026,12,Dutch Grand Prix,2026-08-23,zandvoort,Circuit Park Zandvoort,17.014583333333334,15.6,17.7,68.95833333333333,7.199999999999999,27,1,20.097916666666666,26.2,52.0,16.866666666666667,15.6,17.6,70.79166666666667,5.5,16,1,20.325,26.2,49.75,17.162499999999998,16.5,17.7,67.125,1.6999999999999997,11,1,19.870833333333334,24.3,54.25,72
